name,prompt,negative_prompt
sai-base,{prompt},
sai-3d-model,"professional 3d model {prompt} . octane render, highly detailed, volumetric, dramatic lighting","ugly, deformed, noisy, low poly, blurry, painting"
sai-analog film,"analog film photo {prompt} . faded film, desaturated, 35mm photo, grainy, vignette, vintage, Kodachrome, Lomography, stained, highly detailed, found footage","painting, drawing, illustration, glitch, deformed, mutated, cross-eyed, ugly, disfigured"
sai-anime,"anime artwork {prompt} . anime style, key visual, vibrant, studio anime, highly detailed","photo, deformed, black and white, realism, disfigured, low contrast"
sai-cinematic,"cinematic film still {prompt} . shallow depth of field, vignette, highly detailed, high budget, bokeh, cinemascope, moody, epic, gorgeous, film grain, grainy","anime, cartoon, graphic, text, painting, crayon, graphite, abstract, glitch, deformed, mutated, ugly, disfigured"
sai-comic book,"comic {prompt} . graphic illustration, comic art, graphic novel art, vibrant, highly detailed","photograph, deformed, glitch, noisy, realistic, stock photo"
sai-craft clay,"play-doh style {prompt} . sculpture, clay art, centered composition, Claymation","sloppy, messy, grainy, highly detailed, ultra textured, photo"
sai-digital art,"concept art {prompt} . digital artwork, illustrative, painterly, matte painting, highly detailed","photo, photorealistic, realism, ugly"
sai-enhance,"breathtaking {prompt} . award-winning, professional, highly detailed","ugly, deformed, noisy, blurry, distorted, grainy"
sai-fantasy art,"ethereal fantasy concept art of {prompt} . magnificent, celestial, ethereal, painterly, epic, majestic, magical, fantasy art, cover art, dreamy","photographic, realistic, realism, 35mm film, dslr, cropped, frame, text, deformed, glitch, noise, noisy, off-center, deformed, cross-eyed, closed eyes, bad anatomy, ugly, disfigured, sloppy, duplicate, mutated, black and white"
sai-isometric,"isometric style {prompt} . vibrant, beautiful, crisp, detailed, ultra detailed, intricate","deformed, mutated, ugly, disfigured, blur, blurry, noise, noisy, realistic, photographic"
sai-line art,"line art drawing {prompt} . professional, sleek, modern, minimalist, graphic, line art, vector graphics","anime, photorealistic, 35mm film, deformed, glitch, blurry, noisy, off-center, deformed, cross-eyed, closed eyes, bad anatomy, ugly, disfigured, mutated, realism, realistic, impressionism, expressionism, oil, acrylic"
sai-lowpoly,"low-poly style {prompt} . low-poly game art, polygon mesh, jagged, blocky, wireframe edges, centered composition","noisy, sloppy, messy, grainy, highly detailed, ultra textured, photo"
sai-neonpunk,"neonpunk style {prompt} . cyberpunk, vaporwave, neon, vibes, vibrant, stunningly beautiful, crisp, detailed, sleek, ultramodern, magenta highlights, dark purple shadows, high contrast, cinematic, ultra detailed, intricate, professional","painting, drawing, illustration, glitch, deformed, mutated, cross-eyed, ugly, disfigured"
sai-origami,"origami style {prompt} . paper art, pleated paper, folded, origami art, pleats, cut and fold, centered composition","noisy, sloppy, messy, grainy, highly detailed, ultra textured, photo"
sai-photographic,"cinematic photo {prompt} . 35mm photograph, film, bokeh, professional, 4k, highly detailed","drawing, painting, crayon, sketch, graphite, impressionist, noisy, blurry, soft, deformed, ugly"
sai-pixel art,"pixel-art {prompt} . low-res, blocky, pixel art style, 8-bit graphics","sloppy, messy, blurry, noisy, highly detailed, ultra textured, photo, realistic"
sai-texture,texture {prompt} top down close-up,"ugly, deformed, noisy, blurry"
ads-advertising,"Advertising poster style {prompt} . Professional, modern, product-focused, commercial, eye-catching, highly detailed","noisy, blurry, amateurish, sloppy, unattractive"
ads-automotive,"Automotive advertisement style {prompt} . Sleek, dynamic, professional, commercial, vehicle-focused, high-resolution, highly detailed","noisy, blurry, unattractive, sloppy, unprofessional"
ads-corporate,"Corporate branding style {prompt} . Professional, clean, modern, sleek, minimalist, business-oriented, highly detailed","noisy, blurry, grungy, sloppy, cluttered, disorganized"
ads-fashion editorial,"Fashion editorial style {prompt} . High fashion, trendy, stylish, editorial, magazine style, professional, highly detailed","outdated, blurry, noisy, unattractive, sloppy"
ads-food photography,"Food photography style {prompt} . Appetizing, professional, culinary, high-resolution, commercial, highly detailed","unappetizing, sloppy, unprofessional, noisy, blurry"
ads-luxury,"Luxury product style {prompt} . Elegant, sophisticated, high-end, luxurious, professional, highly detailed","cheap, noisy, blurry, unattractive, amateurish"
ads-real estate,"Real estate photography style {prompt} . Professional, inviting, well-lit, high-resolution, property-focused, commercial, highly detailed","dark, blurry, unappealing, noisy, unprofessional"
ads-retail,"Retail packaging style {prompt} . Vibrant, enticing, commercial, product-focused, eye-catching, professional, highly detailed","noisy, blurry, amateurish, sloppy, unattractive"
artstyle-abstract,"abstract style {prompt} . non-representational, colors and shapes, expression of feelings, imaginative, highly detailed","realistic, photographic, figurative, concrete"
artstyle-abstract expressionism,"abstract expressionist painting {prompt} . energetic brushwork, bold colors, abstract forms, expressive, emotional","realistic, photorealistic, low contrast, plain, simple, monochrome"
artstyle-art deco,"Art Deco style {prompt} . geometric shapes, bold colors, luxurious, elegant, decorative, symmetrical, ornate, detailed","ugly, deformed, noisy, blurry, low contrast, realism, photorealistic, modernist, minimalist"
artstyle-art nouveau,"Art Nouveau style {prompt} . elegant, decorative, curvilinear forms, nature-inspired, ornate, detailed","ugly, deformed, noisy, blurry, low contrast, realism, photorealistic, modernist, minimalist"
artstyle-constructivist,"constructivist style {prompt} . geometric shapes, bold colors, dynamic composition, propaganda art style","realistic, photorealistic, low contrast, plain, simple, abstract expressionism"
artstyle-cubist,"cubist artwork {prompt} . geometric shapes, abstract, innovative, revolutionary","anime, photorealistic, 35mm film, deformed, glitch, low contrast, noisy"
artstyle-expressionist,"expressionist {prompt} . raw, emotional, dynamic, distortion for emotional effect, vibrant, use of unusual colors, detailed","realism, symmetry, quiet, calm, photo"
artstyle-graffiti,"graffiti style {prompt} . street art, vibrant, urban, detailed, tag, mural","ugly, deformed, noisy, blurry, low contrast, realism, photorealistic"
artstyle-hyperrealism,"hyperrealistic art {prompt} . extremely high-resolution details, photographic, realism pushed to extreme, fine texture, incredibly lifelike","simplified, abstract, unrealistic, impressionistic, low resolution"
artstyle-impressionist,"impressionist painting {prompt} . loose brushwork, vibrant color, light and shadow play, captures feeling over form","anime, photorealistic, 35mm film, deformed, glitch, low contrast, noisy"
artstyle-pointillism,"pointillism style {prompt} . composed entirely of small, distinct dots of color, vibrant, highly detailed","line drawing, smooth shading, large color fields, simplistic"
artstyle-pop art,"Pop Art style {prompt} . bright colors, bold outlines, popular culture themes, ironic or kitsch","ugly, deformed, noisy, blurry, low contrast, realism, photorealistic, minimalist"
artstyle-psychedelic,"psychedelic style {prompt} . vibrant colors, swirling patterns, abstract forms, surreal, trippy","monochrome, black and white, low contrast, realistic, photorealistic, plain, simple"
artstyle-renaissance,"Renaissance style {prompt} . realistic, perspective, light and shadow, religious or mythological themes, highly detailed","ugly, deformed, noisy, blurry, low contrast, modernist, minimalist, abstract"
artstyle-steampunk,"steampunk style {prompt} . antique, mechanical, brass and copper tones, gears, intricate, detailed","deformed, glitch, noisy, low contrast, anime, photorealistic"
artstyle-surrealist,"surrealist art {prompt} . dreamlike, mysterious, provocative, symbolic, intricate, detailed","anime, photorealistic, realistic, deformed, glitch, noisy, low contrast"
artstyle-typography,"typographic art {prompt} . stylized, intricate, detailed, artistic, text-based","ugly, deformed, noisy, blurry, low contrast, realism, photorealistic"
artstyle-watercolor,"watercolor painting {prompt} . vibrant, beautiful, painterly, detailed, textural, artistic","anime, photorealistic, 35mm film, deformed, glitch, low contrast, noisy"
futuristic-biomechanical,"biomechanical style {prompt} . blend of organic and mechanical elements, futuristic, cybernetic, detailed, intricate","natural, rustic, primitive, organic, simplistic"
futuristic-biomechanical cyberpunk,"biomechanical cyberpunk {prompt} . cybernetics, human-machine fusion, dystopian, organic meets artificial, dark, intricate, highly detailed","natural, colorful, deformed, sketch, low contrast, watercolor"
futuristic-cybernetic,"cybernetic style {prompt} . futuristic, technological, cybernetic enhancements, robotics, artificial intelligence themes","ugly, deformed, noisy, blurry, low contrast, realism, photorealistic, historical, medieval"
futuristic-cybernetic robot,"cybernetic robot {prompt} . android, AI, machine, metal, wires, tech, futuristic, highly detailed","organic, natural, human, sketch, watercolor, low contrast"
futuristic-cyberpunk cityscape,"cyberpunk cityscape {prompt} . neon lights, dark alleys, skyscrapers, futuristic, vibrant colors, high contrast, highly detailed","natural, rural, deformed, low contrast, black and white, sketch, watercolor"
futuristic-futuristic,"futuristic style {prompt} . sleek, modern, ultramodern, high tech, detailed","ugly, deformed, noisy, blurry, low contrast, realism, photorealistic, vintage, antique"
futuristic-retro cyberpunk,"retro cyberpunk {prompt} . 80's inspired, synthwave, neon, vibrant, detailed, retro futurism","modern, desaturated, black and white, realism, low contrast"
futuristic-retro futurism,"retro-futuristic {prompt} . vintage sci-fi, 50s and 60s style, atomic age, vibrant, highly detailed","contemporary, realistic, rustic, primitive"
futuristic-sci-fi,"sci-fi style {prompt} . futuristic, technological, alien worlds, space themes, advanced civilizations","ugly, deformed, noisy, blurry, low contrast, realism, photorealistic, historical, medieval"
futuristic-vaporwave,"vaporwave style {prompt} . retro aesthetic, cyberpunk, vibrant, neon colors, vintage 80s and 90s style, highly detailed","monochrome, muted colors, realism, rustic, minimalist, dark"
game-bubble bobble,"Bubble Bobble style {prompt} . 8-bit, cute, pixelated, fantasy, vibrant, reminiscent of Bubble Bobble game","realistic, modern, photorealistic, violent, horror"
game-cyberpunk game,"cyberpunk game style {prompt} . neon, dystopian, futuristic, digital, vibrant, detailed, high contrast, reminiscent of cyberpunk genre video games","historical, natural, rustic, low detailed"
game-fighting game,"fighting game style {prompt} . dynamic, vibrant, action-packed, detailed character design, reminiscent of fighting video games","peaceful, calm, minimalist, photorealistic"
game-gta,"GTA-style artwork {prompt} . satirical, exaggerated, pop art style, vibrant colors, iconic characters, action-packed","realistic, black and white, low contrast, impressionist, cubist, noisy, blurry, deformed"
game-mario,"Super Mario style {prompt} . vibrant, cute, cartoony, fantasy, playful, reminiscent of Super Mario series","realistic, modern, horror, dystopian, violent"
game-minecraft,"Minecraft style {prompt} . blocky, pixelated, vibrant colors, recognizable characters and objects, game assets","smooth, realistic, detailed, photorealistic, noise, blurry, deformed"
game-pokemon,"Pokémon style {prompt} . vibrant, cute, anime, fantasy, reminiscent of Pokémon series","realistic, modern, horror, dystopian, violent"
game-retro arcade,"retro arcade style {prompt} . 8-bit, pixelated, vibrant, classic video game, old school gaming, reminiscent of 80s and 90s arcade games","modern, ultra-high resolution, photorealistic, 3D"
game-retro game,"retro game art {prompt} . 16-bit, vibrant colors, pixelated, nostalgic, charming, fun","realistic, photorealistic, 35mm film, deformed, glitch, low contrast, noisy"
game-rpg fantasy game,"role-playing game (RPG) style fantasy {prompt} . detailed, vibrant, immersive, reminiscent of high fantasy RPG games","sci-fi, modern, urban, futuristic, low detailed"
game-strategy game,"strategy game style {prompt} . overhead view, detailed map, units, reminiscent of real-time strategy video games","first-person view, modern, photorealistic"
game-streetfighter,"Street Fighter style {prompt} . vibrant, dynamic, arcade, 2D fighting game, highly detailed, reminiscent of Street Fighter series","3D, realistic, modern, photorealistic, turn-based strategy"
game-zelda,"Legend of Zelda style {prompt} . vibrant, fantasy, detailed, epic, heroic, reminiscent of The Legend of Zelda series","sci-fi, modern, realistic, horror"
misc-architectural,"architectural style {prompt} . clean lines, geometric shapes, minimalist, modern, architectural drawing, highly detailed","curved lines, ornate, baroque, abstract, grunge"
misc-disco,"disco-themed {prompt} . vibrant, groovy, retro 70s style, shiny disco balls, neon lights, dance floor, highly detailed","minimalist, rustic, monochrome, contemporary, simplistic"
misc-dreamscape,"dreamscape {prompt} . surreal, ethereal, dreamy, mysterious, fantasy, highly detailed","realistic, concrete, ordinary, mundane"
misc-dystopian,"dystopian style {prompt} . bleak, post-apocalyptic, somber, dramatic, highly detailed","ugly, deformed, noisy, blurry, low contrast, cheerful, optimistic, vibrant, colorful"
misc-fairy tale,"fairy tale {prompt} . magical, fantastical, enchanting, storybook style, highly detailed","realistic, modern, ordinary, mundane"
misc-gothic,"gothic style {prompt} . dark, mysterious, haunting, dramatic, ornate, detailed","ugly, deformed, noisy, blurry, low contrast, realism, photorealistic, cheerful, optimistic"
misc-grunge,"grunge style {prompt} . textured, distressed, vintage, edgy, punk rock vibe, dirty, noisy","smooth, clean, minimalist, sleek, modern, photorealistic"
misc-horror,"horror-themed {prompt} . eerie, unsettling, dark, spooky, suspenseful, grim, highly detailed","cheerful, bright, vibrant, light-hearted, cute"
misc-kawaii,"kawaii style {prompt} . cute, adorable, brightly colored, cheerful, anime influence, highly detailed","dark, scary, realistic, monochrome, abstract"
misc-lovecraftian,"lovecraftian horror {prompt} . eldritch, cosmic horror, unknown, mysterious, surreal, highly detailed","light-hearted, mundane, familiar, simplistic, realistic"
misc-macabre,"macabre style {prompt} . dark, gothic, grim, haunting, highly detailed","bright, cheerful, light-hearted, cartoonish, cute"
misc-manga,"manga style {prompt} . vibrant, high-energy, detailed, iconic, Japanese comic style","ugly, deformed, noisy, blurry, low contrast, realism, photorealistic, Western comic style"
misc-metropolis,"metropolis-themed {prompt} . urban, cityscape, skyscrapers, modern, futuristic, highly detailed","rural, natural, rustic, historical, simple"
misc-minimalist,"minimalist style {prompt} . simple, clean, uncluttered, modern, elegant","ornate, complicated, highly detailed, cluttered, disordered, messy, noisy"
misc-monochrome,"monochrome {prompt} . black and white, contrast, tone, texture, detailed","colorful, vibrant, noisy, blurry, deformed"
misc-nautical,"nautical-themed {prompt} . sea, ocean, ships, maritime, beach, marine life, highly detailed","landlocked, desert, mountains, urban, rustic"
misc-space,"space-themed {prompt} . cosmic, celestial, stars, galaxies, nebulas, planets, science fiction, highly detailed","earthly, mundane, ground-based, realism"
misc-stained glass,"stained glass style {prompt} . vibrant, beautiful, translucent, intricate, detailed","ugly, deformed, noisy, blurry, low contrast, realism, photorealistic"
misc-techwear fashion,"techwear fashion {prompt} . futuristic, cyberpunk, urban, tactical, sleek, dark, highly detailed","vintage, rural, colorful, low contrast, realism, sketch, watercolor"
misc-tribal,"tribal style {prompt} . indigenous, ethnic, traditional patterns, bold, natural colors, highly detailed","modern, futuristic, minimalist, pastel"
misc-zentangle,"zentangle {prompt} . intricate, abstract, monochrome, patterns, meditative, highly detailed","colorful, representative, simplistic, large fields of color"
papercraft-collage,"collage style {prompt} . mixed media, layered, textural, detailed, artistic","ugly, deformed, noisy, blurry, low contrast, realism, photorealistic"
papercraft-flat papercut,"flat papercut style {prompt} . silhouette, clean cuts, paper, sharp edges, minimalist, color block","3D, high detail, noise, grainy, blurry, painting, drawing, photo, disfigured"
papercraft-kirigami,"kirigami representation of {prompt} . 3D, paper folding, paper cutting, Japanese, intricate, symmetrical, precision, clean lines","painting, drawing, 2D, noisy, blurry, deformed"
papercraft-paper mache,"paper mache representation of {prompt} . 3D, sculptural, textured, handmade, vibrant, fun","2D, flat, photo, sketch, digital art, deformed, noisy, blurry"
papercraft-paper quilling,"paper quilling art of {prompt} . intricate, delicate, curling, rolling, shaping, coiling, loops, 3D, dimensional, ornamental","photo, painting, drawing, 2D, flat, deformed, noisy, blurry"
papercraft-papercut collage,"papercut collage of {prompt} . mixed media, textured paper, overlapping, asymmetrical, abstract, vibrant","photo, 3D, realistic, drawing, painting, high detail, disfigured"
papercraft-papercut shadow box,"3D papercut shadow box of {prompt} . layered, dimensional, depth, silhouette, shadow, papercut, handmade, high contrast","painting, drawing, photo, 2D, flat, high detail, blurry, noisy, disfigured"
papercraft-stacked papercut,"stacked papercut art of {prompt} . 3D, layered, dimensional, depth, precision cut, stacked layers, papercut, high contrast","2D, flat, noisy, blurry, painting, drawing, photo, deformed"
papercraft-thick layered papercut,"thick layered papercut art of {prompt} . deep 3D, volumetric, dimensional, depth, thick paper, high stack, heavy texture, tangible layers","2D, flat, thin paper, low stack, smooth texture, painting, drawing, photo, deformed"
photo-alien,"alien-themed {prompt} . extraterrestrial, cosmic, otherworldly, mysterious, sci-fi, highly detailed","earthly, mundane, common, realistic, simple"
photo-film noir,"film noir style {prompt} . monochrome, high contrast, dramatic shadows, 1940s style, mysterious, cinematic","ugly, deformed, noisy, blurry, low contrast, realism, photorealistic, vibrant, colorful"
photo-hdr,"HDR photo of {prompt} . High dynamic range, vivid, rich details, clear shadows and highlights, realistic, intense, enhanced contrast, highly detailed","flat, low contrast, oversaturated, underexposed, overexposed, blurred, noisy"
photo-long exposure,"long exposure photo of {prompt} . Blurred motion, streaks of light, surreal, dreamy, ghosting effect, highly detailed","static, noisy, deformed, shaky, abrupt, flat, low contrast"
photo-neon noir,"neon noir {prompt} . cyberpunk, dark, rainy streets, neon signs, high contrast, low light, vibrant, highly detailed","bright, sunny, daytime, low contrast, black and white, sketch, watercolor"
photo-silhouette,"silhouette style {prompt} . high contrast, minimalistic, black and white, stark, dramatic","ugly, deformed, noisy, blurry, low contrast, color, realism, photorealistic"
photo-tilt-shift,"tilt-shift photo of {prompt} . Selective focus, miniature effect, blurred background, highly detailed, vibrant, perspective control","blurry, noisy, deformed, flat, low contrast, unrealistic, oversaturated, underexposed"
Kamph_Default_Negative (NO),,"Watermark, Text, censored, deformed, bad anatomy, disfigured, poorly drawn face, mutated, extra limb, ugly, poorly drawn hands, missing limb, floating limbs, disconnected limbs, disconnected head, malformed hands, long neck, mutated hands and fingers, bad hands, missing fingers, cropped, worst quality, low quality, mutation, poorly drawn, huge calf, bad hands, fused hand, missing hand, disappearing arms, disappearing thigh, disappearing calf, disappearing legs, missing fingers, fused fingers, abnormal eye proportion, Abnormal hands, abnormal legs, abnormal feet, abnormal fingers"
Kamph_Default_Negative (sfw) (NO),,"NSFW, Cleavage, Pubic Hair, Nudity, Naked, Au naturel, Watermark, Text, censored, deformed, bad anatomy, disfigured, poorly drawn face, mutated, extra limb, ugly, poorly drawn hands, missing limb, floating limbs, disconnected limbs, disconnected head, malformed hands, long neck, mutated hands and fingers, bad hands, missing fingers, cropped, worst quality, low quality, mutation, poorly drawn, huge calf, bad hands, fused hand, missing hand, disappearing arms, disappearing thigh, disappearing calf, disappearing legs, missing fingers, fused fingers, abnormal eye proportion, Abnormal hands, abnormal legs, abnormal feet, abnormal fingers"
Kamph_Default_Negative (Low Token) (NO),,"lowres, bad anatomy, bad hands, text, error, missing fingers, extra digit, fewer digits, cropped, worst quality, low quality, normal quality, jpeg artifacts, signature, watermark, username, blurry"
Kamph_Skin Enhancer (PO),"detailed skin texture, (blush:0.5), (goosebumps:0.5), subsurface scattering",
Kamph_Skin Enhancer (clean)(PO),"detailed skin texture, (blush:0.2), (goosebumps:0.3), subsurface scattering",
Kamph_Ghibli (PO),"(Studio ghibli style, Art by Hayao Miyazaki:1.2), Anime Style, Manga Style, Hand drawn, cinematic, Sharp focus, humorous illustration, big depth of field, Masterpiece, concept art, trending on artstation, Vivid colors, Simplified style, trending on ArtStation, trending on CGSociety, Intricate, Vibrant colors, Soft Shading, Simplistic Features, Sharp Angles, Playful",
Kamph_Vector Illustrations (PO),"Vector art, Vivid colors, Clean lines, Sharp edges, Minimalist, Precise geometry, Simplistic, Smooth curves, Bold outlines, Crisp shapes, Flat colors, Illustration art piece, High contrast shadows, Technical illustration, Graphic design, Vector graphics, High contrast, Precision artwork, Linear compositions, Scalable artwork, Digital art",
Kamph_Digital Painting (PO),"glow effects, godrays, Hand drawn, render, 8k, octane render, cinema 4d, blender, dark, atmospheric 4k ultra detailed, cinematic, Sharp focus, big depth of field, Masterpiece, colors, 3d octane render, 4k, concept art, trending on artstation, hyperrealistic, Vivid colors, extremely detailed CG unity 8k wallpaper, trending on CGSociety, Intricate, High Detail, dramatic",
Kamph_Indie Game (PO),"Indie game art, Vector Art, Borderlands style, Arcane style, Cartoon style, Line art, Disctinct features, Hand drawn, Technical illustration, Graphic design, Vector graphics, High contrast, Precision artwork, Linear compositions, Scalable artwork, Digital art, cinematic sensual, Sharp focus, humorous illustration, big depth of field, Masterpiece, trending on artstation, Vivid colors, trending on ArtStation, trending on CGSociety, Intricate, Low Detail, dramatic",
Kamph_Original Photo Style (PO),"Photorealistic, Hyperrealistic, Hyperdetailed, analog style, soft lighting, subsurface scattering, realistic, heavy shadow, masterpiece, best quality, ultra realistic, 8k, golden ratio, Intricate, High Detail, film photography, soft focus",
Kamph_Black and White Film Noir (PO),"(b&w, Monochromatic, Film Photography:1.3), Photorealistic, Hyperrealistic, Hyperdetailed, film noir, analog style, soft lighting, subsurface scattering, realistic, heavy shadow, masterpiece, best quality, ultra realistic, 8k, golden ratio, Intricate, High Detail, film photography, soft focus",
Kamph_Isometric Rooms (PO),"Tiny cute isometric in a cutaway box, soft smooth lighting, soft colors, 100mm lens, 3d blender render",
Kamph_Space Hologram (PO),"hologram floating in space, a vibrant digital illustration, dribbble, quantum wavetracing, black background, behance hd",
Kamph_Cute Creatures (PO),"3d fluffy, closeup cute and adorable, cute big circular reflective eyes, long fuzzy fur, Pixar render, unreal engine cinematic smooth, intricate detail, cinematic",
Kamph_Realistic Photo Portraits (PO),"RAW candid cinema, 16mm, color graded portra 400 film, remarkable color, ultra realistic, textured skin, remarkable detailed pupils, realistic dull skin noise, visible skin detail, skin fuzz, dry skin, shot with cinematic camera",
Kamph_Professional Scenic Photographs (PO),"long shot scenic professional photograph of {prompt}, perfect viewpoint, highly detailed, wide-angle lens, hyper realistic, with dramatic sky, polarizing filter, natural lighting, vivid colors, everything in sharp focus, HDR, UHD, 64K",
cinematic_still,"cinematic still {prompt} . emotional, harmonious, vignette, highly detailed, high budget, bokeh, cinemascope, moody, epic, gorgeous, film grain, grainy","anime, cartoon, graphic, text, painting, crayon, graphite, abstract, glitch, deformed, mutated, ugly, disfigured"
cinematic-diva,"UHD, 8K, ultra detailed, a cinematic photograph of {prompt}, beautiful lighting, great composition","ugly, deformed, noisy, blurry, NSFW"
Abstract Expressionism,"Abstract Expressionism Art, {prompt}, High contrast, minimalistic, colorful, stark, dramatic, expressionism","ugly, deformed, noisy, blurry, low contrast, realism, photorealistic"
Academia,"Academia, {prompt}, preppy Ivy League style, stark, dramatic, chic boarding school, academia","ugly, deformed, noisy, blurry, low contrast, grunge, sloppy, unkempt"
Action Figure,"Action Figure, {prompt}, plastic collectable action figure, collectable toy action figure","ugly, deformed, noisy, blurry, low contrast"
Adorable 3D Character,"Adorable 3D Character, {prompt}, 3D render, adorable character, 3D art","ugly, deformed, noisy, blurry, low contrast, grunge, sloppy, unkempt, photograph, photo, realistic"
Adorable Kawaii,"Adorable Kawaii, {prompt}, pretty, cute, adorable, kawaii","ugly, deformed, noisy, blurry, low contrast, gothic, dark, moody, monochromatic"
Art Deco,"Art Deco, {prompt}, sleek, geometric forms, art deco style","ugly, deformed, noisy, blurry, low contrast"
Art Nouveau,"Art Nouveau, beautiful art, {prompt}, sleek, organic forms, long, sinuous, art nouveau style","ugly, deformed, noisy, blurry, low contrast, industrial, mechanical"
Astral Aura,"Astral Aura, {prompt}, astral, colorful aura, vibrant energy","ugly, deformed, noisy, blurry, low contrast"
Avant-garde,"Avant-garde, {prompt}, unusual, experimental, avant-garde art","ugly, deformed, noisy, blurry, low contrast"
Baroque,"Baroque, {prompt}, dramatic, exuberant, grandeur, baroque art","ugly, deformed, noisy, blurry, low contrast"
Bauhaus-Style Poster,"Bauhaus-Style Poster, {prompt}, simple geometric shapes, clean lines, primary colors, Bauhaus-Style Poster","ugly, deformed, noisy, blurry, low contrast"
Blueprint Schematic Drawing,"Blueprint Schematic Drawing, {prompt}, technical drawing, blueprint, schematic","ugly, deformed, noisy, blurry, low contrast"
Caricature,"Caricature, {prompt}, exaggerated, comical, caricature","ugly, deformed, noisy, blurry, low contrast, realistic"
Cel Shaded Art,"Cel Shaded Art, {prompt}, 2D, flat color, toon shading, cel shaded style","ugly, deformed, noisy, blurry, low contrast"
Character Design Sheet,"Character Design Sheet, {prompt}, character reference sheet, character turn around","ugly, deformed, noisy, blurry, low contrast"
Classicism Art,"Classicism Art, {prompt}, inspired by Roman and Greek culture, clarity, harmonious, classicism art","ugly, deformed, noisy, blurry, low contrast"
Color Field Painting,"Color Field Painting, {prompt}, abstract, simple, geometic, color field painting style","ugly, deformed, noisy, blurry, low contrast"
Colored Pencil Art,"Colored Pencil Art, {prompt}, colored pencil strokes, light color, visible paper texture, colored pencil art","ugly, deformed, noisy, blurry, low contrast"
Conceptual Art,"Conceptual Art, {prompt}, concept art","ugly, deformed, noisy, blurry, low contrast"
Constructivism,"Constructivism Art, {prompt}, minimalistic, geometric forms, constructivism art","ugly, deformed, noisy, blurry, low contrast"
Cubism,"Cubism Art, {prompt}, flat geometric forms, cubism art","ugly, deformed, noisy, blurry, low contrast"
Dadaism,"Dadaism Art, {prompt}, satirical, nonsensical, dadaism art","ugly, deformed, noisy, blurry, low contrast"
Dark Fantasy,"Dark Fantasy Art, {prompt}, dark, moody, dark fantasy style","ugly, deformed, noisy, blurry, low contrast, bright, sunny"
Dark Moody Atmosphere,"Dark Moody Atmosphere, {prompt}, dramatic, mysterious, dark moody atmosphere","ugly, deformed, noisy, blurry, low contrast, vibrant, colorful, bright"
DMT Art Style,"DMT Art Style, {prompt}, bright colors, surreal visuals, swirling patterns, DMT art style","ugly, deformed, noisy, blurry, low contrast"
Doodle Art,"Doodle Art Style, {prompt}, drawing, freeform, swirling patterns, doodle art style","ugly, deformed, noisy, blurry, low contrast"
Double Exposure,"Double Exposure Style, {prompt}, double image ghost effect, image combination, double exposure style","ugly, deformed, noisy, blurry, low contrast"
Dripping Paint Splatter Art,"Dripping Paint Splatter Art, {prompt}, dramatic, paint drips, splatters, dripping paint","ugly, deformed, noisy, blurry, low contrast"
Expressionism,"Expressionism Art Style, {prompt}, movement, contrast, emotional, exaggerated forms, expressionism art style","ugly, deformed, noisy, blurry, low contrast"
Faded Polaroid Photo,"Faded Polaroid Photo, {prompt}, analog, old faded photo, old polaroid","ugly, deformed, noisy, blurry, low contrast, vibrant, colorful"
Fauvism,"Fauvism Art, {prompt}, painterly, bold colors, textured brushwork, fauvism art","ugly, deformed, noisy, blurry, low contrast"
Flat 2D Art,"Flat 2D Art, {prompt}, simple flat color, 2-dimensional, Flat 2D Art Style","ugly, deformed, noisy, blurry, low contrast, 3D, photo, realistic"
Fortnite Art Style,"Fortnite Art Style, {prompt}, 3D cartoon, colorful, Fortnite Art Style","ugly, deformed, noisy, blurry, low contrast, photo, realistic"
Futurism,"Futurism Art Style, {prompt}, dynamic, dramatic, Futurism Art Style","ugly, deformed, noisy, blurry, low contrast"
Glitchcore,"Glitchcore Art Style, {prompt}, dynamic, dramatic, distorted, vibrant colors, glitchcore art style","ugly, deformed, noisy, blurry, low contrast"
Glo-fi,"Glo-fi Art Style, {prompt}, dynamic, dramatic, vibrant colors, glo-fi art style","ugly, deformed, noisy, blurry, low contrast"
Googie Art Style,"Googie Art Style, {prompt}, dynamic, dramatic, 1950's futurism, bold boomerang angles, Googie art style","ugly, deformed, noisy, blurry, low contrast"
Graffiti Art,"Graffiti Art Style, {prompt}, dynamic, dramatic, vibrant colors, graffiti art style","ugly, deformed, noisy, blurry, low contrast"
Harlem Renaissance Art,"Harlem Renaissance Art Style, {prompt}, dynamic, dramatic, 1920s African American culture, Harlem Renaissance art style","ugly, deformed, noisy, blurry, low contrast"
High Fashion,"High Fashion, {prompt}, dynamic, dramatic, haute couture, elegant, ornate clothing, High Fashion","ugly, deformed, noisy, blurry, low contrast"
Idyllic,"Idyllic, {prompt}, peaceful, happy, pleasant, happy, harmonious, picturesque, charming","ugly, deformed, noisy, blurry, low contrast"
Impressionism,"Impressionism, {prompt}, painterly, small brushstrokes, visible brushstrokes, impressionistic style","ugly, deformed, noisy, blurry, low contrast"
Infographic Drawing,"Infographic Drawing, {prompt}, diagram, infographic","ugly, deformed, noisy, blurry, low contrast"
Ink Dripping Drawing,"Ink Dripping Drawing, {prompt}, ink drawing, dripping ink","ugly, deformed, noisy, blurry, low contrast, colorful, vibrant"
Japanese Ink Drawing,"Japanese Ink Drawing, {prompt}, ink drawing, inkwash, Japanese Ink Drawing","ugly, deformed, noisy, blurry, low contrast, colorful, vibrant"
Knolling Photography,"Knolling Photography, {prompt}, flat lay photography, object arrangment, knolling photography","ugly, deformed, noisy, blurry, low contrast"
Light Cheery Atmosphere,"Light Cheery Atmosphere, {prompt}, happy, joyful, cheerful, carefree, gleeful, lighthearted, pleasant atmosphere","ugly, deformed, noisy, blurry, low contrast, monochromatic, dark, moody"
Logo Design,"Logo Design, {prompt}, dynamic graphic art, vector art, minimalist, professional logo design","ugly, deformed, noisy, blurry, low contrast"
Luxurious Elegance,"Luxurious Elegance, {prompt}, extravagant, ornate, designer, opulent, picturesque, lavish","ugly, deformed, noisy, blurry, low contrast"
Macro Photography,"Macro Photography, {prompt}, close-up, macro 100mm, macro photography","ugly, deformed, noisy, blurry, low contrast"
Mandola Art,"Mandola art style, {prompt}, complex, circular design, mandola","ugly, deformed, noisy, blurry, low contrast"
Marker Drawing,"Marker Drawing, {prompt}, bold marker lines, visibile paper texture, marker drawing","ugly, deformed, noisy, blurry, low contrast, photograph, realistic"
Medievalism,"Medievalism, {prompt}, inspired by The Middle Ages, medieval art, elaborate patterns and decoration, Medievalism","ugly, deformed, noisy, blurry, low contrast"
Minimalism,"Minimalism, {prompt}, abstract, simple geometic shapes, hard edges, sleek contours, Minimalism","ugly, deformed, noisy, blurry, low contrast"
Neo-Baroque,"Neo-Baroque, {prompt}, ornate and elaborate, dynaimc, Neo-Baroque","ugly, deformed, noisy, blurry, low contrast"
Neo-Byzantine,"Neo-Byzantine, {prompt}, grand decorative religious style, Orthodox Christian inspired, Neo-Byzantine","ugly, deformed, noisy, blurry, low contrast"
Neo-Futurism,"Neo-Futurism, {prompt}, high-tech, curves, spirals, flowing lines, idealistic future, Neo-Futurism","ugly, deformed, noisy, blurry, low contrast"
Neo-Impressionism,"Neo-Impressionism, {prompt}, tiny dabs of color, Pointillism, painterly, Neo-Impressionism","ugly, deformed, noisy, blurry, low contrast, photograph, realistic"
Neo-Rococo,"Neo-Rococo, {prompt}, curved forms, naturalistic ornamentation, elaborate, decorative, gaudy, Neo-Rococo","ugly, deformed, noisy, blurry, low contrast"
Neoclassicism,"Neoclassicism, {prompt}, ancient Rome and Greece inspired, idealic, sober colors, Neoclassicism","ugly, deformed, noisy, blurry, low contrast"
Op Art,"Op Art, {prompt}, optical illusion, abstract, geometric pattern, impression of movement, Op Art","ugly, deformed, noisy, blurry, low contrast"
Ornate and Intricate,"Ornate and Intricate, {prompt}, decorative, highly detailed, elaborate, ornate, intricate","ugly, deformed, noisy, blurry, low contrast"
Pencil Sketch Drawing,"Pencil Sketch Drawing, {prompt}, black and white drawing, graphite drawing","ugly, deformed, noisy, blurry, low contrast"
Pop Art 2,"Pop Art, {prompt}, vivid colors, flat color, 2D, strong lines, Pop Art","ugly, deformed, noisy, blurry, low contrast, photo, realistic"
Rococo,"Rococo, {prompt}, flamboyant, pastel colors, curved lines, elaborate detail, Rococo","ugly, deformed, noisy, blurry, low contrast"
Silhouette Art,"Silhouette Art, {prompt}, high contrast, well defined, Silhouette Art","ugly, deformed, noisy, blurry, low contrast"
Simple Vector Art,"Simple Vector Art, {prompt}, 2D flat, simple shapes, minimalistic, professional graphic, flat color, high contrast, Simple Vector Art","ugly, deformed, noisy, blurry, low contrast, 3D, photo, realistic"
Sketchup,"Sketchup, {prompt}, CAD, professional design, Sketchup","ugly, deformed, noisy, blurry, low contrast, photo, photograph"
Steampunk 2,"Steampunk, {prompt}, retrofuturistic science fantasy, steam-powered tech, vintage industry, gears, neo-victorian, steampunk","ugly, deformed, noisy, blurry, low contrast"
Surrealism,"Surrealism, {prompt}, expressive, dramatic, organic lines and forms, dreamlike and mysterious, Surrealism","ugly, deformed, noisy, blurry, low contrast, realistic"
Suprematism,"Suprematism, {prompt}, abstract, limited color palette, geometric forms, Suprematism","ugly, deformed, noisy, blurry, low contrast, realistic"
Terragen,"Terragen, {prompt}, beautiful massive landscape, epic scenery, Terragen","ugly, deformed, noisy, blurry, low contrast"
Tranquil Relaxing Atmosphere,"Tranquil Relaxing Atmosphere, {prompt}, calming style, soothing colors, peaceful, idealic, Tranquil Relaxing Atmosphere","ugly, deformed, noisy, blurry, low contrast, oversaturated"
Sticker Designs,"Vector Art Stickers, {prompt}, professional vector design, sticker designs, Sticker Sheet","ugly, deformed, noisy, blurry, low contrast"
Vibrant Rim Light,"Vibrant Rim Light, {prompt}, bright rim light, high contrast, bold edge light","ugly, deformed, noisy, blurry, low contrast"
Volumetric Lighting,"Volumetric Lighting, {prompt}, light depth, dramatic atmospheric lighting, Volumetric Lighting","ugly, deformed, noisy, blurry, low contrast"
Watercolor 2,"Watercolor style painting, {prompt}, visible paper texture, colorwash, watercolor","ugly, deformed, noisy, blurry, low contrast, photo, realistic"
Whimsical and Playful,"Whimsical and Playful, {prompt}, imaginative, fantastical, bight colors, stylized, happy, Whimsical and Playful","ugly, deformed, noisy, blurry, low contrast, drab, boring, moody"
Kamph_3d-model,"professional 3d model {prompt}, octane render, highly detailed, volumetric, dramatic lighting","ugly, deformed, noisy, low poly, blurry, painting"
Kamph_Analog film,"analog film photo {prompt}, faded film, desaturated, 35mm photo, grainy, vignette, vintage, Kodachrome, Lomography, stained, highly detailed, found footage","painting, drawing, illustration, glitch, deformed, mutated, cross-eyed, ugly, disfigured"
Kamph_Anime,"anime artwork {prompt}, anime style, key visual, vibrant, studio anime, highly detailed","photo, deformed, black and white, realism, disfigured, low contrast"
Kamph_Cinematic,"cinematic film still {prompt}, shallow depth of field, vignette, highly detailed, high budget Hollywood film, bokeh, cinemascope, moody, epic, gorgeous, film grain","anime, cartoon, graphic, text, painting, crayon, graphite, abstract, glitch"
Kamph_Comic book,"comic {prompt}, graphic illustration, comic art, graphic novel art, vibrant, highly detailed","photograph, deformed, glitch, noisy, realistic, stock photo"
Kamph_Digital art,"concept art {prompt}, digital artwork, illustrative, painterly, matte painting, highly detailed","photo, photorealistic, realism, ugly"
Kamph_Fantasy art,"ethereal fantasy concept art of {prompt}, magnificent, celestial, ethereal, painterly, epic, majestic, magical, fantasy art, cover art, dreamy","photographic, realistic, realism, 35mm film, dslr, cropped, frame, text, deformed, glitch, noise, noisy, off-center, deformed, cross-eyed, closed eyes, bad anatomy, ugly, disfigured, sloppy, duplicate, mutated, black and white"
Kamph_Cyberpunk,"neonpunk style {prompt}, cyberpunk, vaporwave, neon, vibes, vibrant, stunningly beautiful, crisp, detailed, sleek, ultramodern, magenta highlights, dark purple shadows, high contrast, cinematic, ultra detailed, intricate, professional","painting, drawing, illustration, glitch, deformed, mutated, cross-eyed, ugly, disfigured"
Kamph_Photo with Bokeh,"cinematic photo {prompt}, 35mm photograph, film, bokeh, professional, 4k, highly detailed","drawing, painting, crayon, sketch, graphite, impressionist, noisy, blurry, soft, deformed, ugly"
Kamph_Photo without Bokeh,"cinematic photo {prompt}, 35mm photograph, film, professional, 4k, highly detailed","bokeh, drawing, painting, crayon, sketch, graphite, impressionist, noisy, blurry, soft, deformed, ugly"
Kamph_Enhancer,"breathtaking {prompt}, masterpiece, award-winning, professional, highly detailed","ugly, deformed, noisy, blurry, distorted, grainy"
Bens_Red Dress (Tutorial Prompt),"a fashion shoot of a european woman with blonde hair in a maxi silk red dress with slit at front of dress from thigh to floor, (legs exposed:1.8), Red Patent Pointed Stiletto Heel Court Shoes, plain background, RAW candid cinema, 35mm, color graded portra 400 film, remarkable color, ultra realistic, textured skin, remarkable detailed pupils, realistic dull skin noise, visible skin detail, skin fuzz, dry skin, shot with cinematic camera",
Bens_Daguerreotype Photo 1920,"daguerreotype photo, {prompt}, 1920s photography, historical photo, aged photo, black & white photography, damaged photo","cartoon, illustration, painting, frame"
Bens Underwater and god rays,"deep underwater, {prompt} highly detailed, intricate lighting, god rays","ugly, deformed, noisy, blurry, low contrast"
||| PHOTOGRAPHY,"photography, capturing moments, storytelling, creative composition","bad anatomy, comics, cropped, cross-eyed, worst quality, low quality, painting, 3D render, drawing, crayon, sketch, graphite, impressionist, cartoon, anime, noisy, blurry, soft, deformed, ugly, lowres, low details, JPEG artifacts, airbrushed, semi-realistic, CGI, render, Blender, digital art, manga, amateur, mutilated, distorted"
Photography | Aerial,"aerial photography, drone photography, sweeping landscapes, unique perspectives, epic scale, capturing from above, revealing hidden beauty, showcasing vastness, immersive experience, precise compositions, expert piloting, dynamic angles, cinematic storytelling, showcasing natural wonders, aerial exploration","bad anatomy, comics, cropped, cross-eyed, worst quality, low quality, painting, 3D render, drawing, crayon, sketch, graphite, impressionist, cartoon, anime, noisy, blurry, soft, deformed, ugly, lowres, low details, JPEG artifacts, airbrushed, semi-realistic, CGI, render, Blender, digital art, manga, amateur, mutilated, distorted"
Photography | Architecture,"architecture photography, striking structures, clean lines, geometric shapes, dramatic angles, play of light and shadow, capturing architectural details, showcasing design elements, evoking mood, professional lighting, precise compositions, emphasizing scale and proportion, creating depth, architectural storytelling, capturing iconic landmarks, immersive experience","bad anatomy, comics, cropped, cross-eyed, worst quality, low quality, painting, 3D render, drawing, crayon, sketch, graphite, impressionist, cartoon, anime, noisy, blurry, soft, deformed, ugly, lowres, low details, JPEG artifacts, airbrushed, semi-realistic, CGI, render, Blender, digital art, manga, amateur, mutilated, distorted"
Photography | Black and White,"black and white photography, timeless elegance, classic aesthetic, dramatic contrasts, emphasizing shapes and textures, evoking nostalgia, focusing on light and shadow, monochromatic storytelling, capturing mood and emotion, artistic expression, minimalist compositions, conveying depth and atmosphere, timeless beauty","bad anatomy, comics, cropped, cross-eyed, worst quality, low quality, painting, 3D render, drawing, crayon, sketch, graphite, impressionist, cartoon, anime, noisy, blurry, soft, deformed, ugly, lowres, low details, JPEG artifacts, airbrushed, semi-realistic, CGI, render, Blender, digital art, manga, amateur, mutilated, distorted"
Photography | Cinematic,"Cinematic photography, movie mood, cinematic light, compelling composition, storytelling elements, conveys emotion, mood, and narrative depth, creating visually striking images that feel like still frames from a film","bad anatomy, comics, cropped, cross-eyed, worst quality, low quality, painting, 3D render, drawing, crayon, sketch, graphite, impressionist, cartoon, anime, noisy, blurry, soft, deformed, ugly, lowres, low details, JPEG artifacts, airbrushed, semi-realistic, CGI, render, Blender, digital art, manga, amateur, mutilated, distorted"
Photography | Documentary,"documentary photography, capturing reality, social issues, human experiences, photojournalistic storytelling, candid moments, authentic narratives, raising awareness, documenting history, preserving cultural heritage, immersive storytelling, evoking empathy, powerful imagery, journalistic integrity","bad anatomy, comics, cropped, cross-eyed, worst quality, low quality, painting, 3D render, drawing, crayon, sketch, graphite, impressionist, cartoon, anime, noisy, blurry, soft, deformed, ugly, lowres, low details, JPEG artifacts, airbrushed, semi-realistic, CGI, render, Blender, digital art, manga, amateur, mutilated, distorted"
Photography | Experimental,"experimental photography, pushing the boundaries of creativity, unconventional techniques, innovative concepts, artistic exploration, thought-provoking imagery, pushing the boundaries of traditional photography","bad anatomy, comics, cropped, cross-eyed, worst quality, low quality, painting, 3D render, drawing, crayon, sketch, graphite, impressionist, cartoon, anime, noisy, blurry, soft, deformed, ugly, lowres, low details, JPEG artifacts, airbrushed, semi-realistic, CGI, render, Blender, digital art, manga, amateur, mutilated, distorted"
Photography | Fashion,"fashion photography, glamorous, stylish attire, captivating pose, dynamic composition, high-fashion aesthetic, professional studio lighting, expert styling, showcasing trend, conveying elegance, conveying attitude, evoking emotion, creating visual impact, editorial storytelling, artistic interpretation, fashion-forward visual","bad anatomy, comics, cropped, cross-eyed, worst quality, low quality, painting, 3D render, drawing, crayon, sketch, graphite, impressionist, cartoon, anime, noisy, blurry, soft, deformed, ugly, lowres, low details, JPEG artifacts, airbrushed, semi-realistic, CGI, render, Blender, digital art, manga, amateur, mutilated, distorted"
Photography | Fashion Editorial,"fashion editorial photography, high-fashion imagery, avant-garde aesthetics, editorial storytelling, conveying fashion trends and concepts, artistic interpretation, expert styling, professional lighting, capturing fashion-forward visuals, creating visual impact, evoking emotion, pushing creative boundaries","bad anatomy, comics, cropped, cross-eyed, worst quality, low quality, painting, 3D render, drawing, crayon, sketch, graphite, impressionist, cartoon, anime, noisy, blurry, soft, deformed, ugly, lowres, low details, JPEG artifacts, airbrushed, semi-realistic, CGI, render, Blender, digital art, manga, amateur, mutilated, distorted"
Photography | Fine Art,"fine art photography, conceptual expression, evocative imagery, artistic interpretation, emotional resonance, creative composition, professional lighting, exquisite detail, immersive experience, storytelling through imagery, conveying mood, unique perspective, thought-provoking concept, capturing beauty, transcending reality","bad anatomy, comics, cropped, cross-eyed, worst quality, low quality, painting, 3D render, drawing, crayon, sketch, graphite, impressionist, cartoon, anime, noisy, blurry, soft, deformed, ugly, lowres, low details, JPEG artifacts, airbrushed, semi-realistic, CGI, render, Blender, digital art, manga, amateur, mutilated, distorted"
Photography | Flower,"flower photography, capturing nature's beauty, delicate petals, vibrant colors, intricate details, showcasing botanical diversity, evoking emotions, conveying serenity, expert composition, professional lighting, immersive floral portrait, timeless elegance","bad anatomy, comics, cropped, cross-eyed, worst quality, low quality, painting, 3D render, drawing, crayon, sketch, graphite, impressionist, cartoon, anime, noisy, blurry, soft, deformed, ugly, lowres, low details, JPEG artifacts, airbrushed, semi-realistic, CGI, render, Blender, digital art, manga, amateur, mutilated, distorted"
Photography | Food,"food photography, mouthwatering dishes, vibrant colors, appetizing presentations, enticing compositions, delicious details, showcasing textures, capturing freshness, professional lighting, expert styling, culinary storytelling, enhancing food appeal","bad anatomy, unappetizing, sloppy, unprofessional, comics, cropped, cross-eyed, worst quality, low quality, painting, 3D render, drawing, crayon, sketch, graphite, impressionist, cartoon, anime, noisy, blurry, soft, deformed, ugly, lowres, low details, JPEG artifacts, airbrushed, semi-realistic, CGI, render, Blender, digital art, manga, amateur, mutilated, distorted"
Photography | Landscape,"landscape photography, vast vistas, natural beauty, dynamic compositions, captivating scenery, immersive, serene","bad anatomy, comics, cropped, cross-eyed, worst quality, low quality, painting, 3D render, drawing, crayon, sketch, graphite, impressionist, cartoon, anime, noisy, blurry, soft, deformed, ugly, lowres, low details, JPEG artifacts, airbrushed, semi-realistic, CGI, render, Blender, digital art, manga, amateur, mutilated, distorted"
Photography | Long exposure,"long exposure photography, streaking lights, smooth motion, dreamy landscapes, ethereal atmosphere, light painting, creative expression, time manipulation, surreal effects, captivating visuals, artistic interpretation, immersive experience, unique perspective","bad anatomy, comics, cropped, cross-eyed, worst quality, low quality, painting, 3D render, drawing, crayon, sketch, graphite, impressionist, cartoon, anime, noisy, blurry, soft, deformed, ugly, lowres, low details, JPEG artifacts, airbrushed, semi-realistic, CGI, render, Blender, digital art, manga, amateur, mutilated, distorted"
Photography | Low key,"low key photography, dramatic lighting, deep shadows, rich contrast, moody atmosphere, intense emotions, cinematic feel, mysterious ambiance, emphasizing shape and form, creating depth, evoking drama, storytelling through shadows, professional technique","bad anatomy, comics, cropped, cross-eyed, worst quality, low quality, painting, 3D render, drawing, crayon, sketch, graphite, impressionist, cartoon, anime, noisy, blurry, soft, deformed, ugly, lowres, low details, JPEG artifacts, airbrushed, semi-realistic, CGI, render, Blender, digital art, manga, amateur, mutilated, distorted"
Photography | Macro,"macro photography, extreme close-ups, intricate details, unseen worlds, capturing texture, emphasizing details, revealing beauty in small things, professional lighting, precise focusing, artistic expression, immersive experience, expert technique","bad anatomy, comics, cropped, cross-eyed, worst quality, low quality, painting, 3D render, drawing, crayon, sketch, graphite, impressionist, cartoon, anime, noisy, blurry, soft, deformed, ugly, lowres, low details, JPEG artifacts, airbrushed, semi-realistic, CGI, render, Blender, digital art, manga, amateur, mutilated, distorted"
Photography | Microscopic,"microscopic photography, magnified, molecular, unseen worlds revealed, scientific exploration, capturing molecular details, professional imaging techniques, precise focusing, revealing hidden beauty, scientific discovery, artistic interpretation, nano scale, revealing the wonders of the unseen","bad anatomy, comics, cropped, cross-eyed, worst quality, low quality, painting, drawing, crayon, sketch, graphite, impressionist, cartoon, anime, noisy, blurry, soft, deformed, ugly, lowres, low details, JPEG artifacts, airbrushed, semi-realistic, digital art, manga, amateur, mutilated, distorted"
Photography | Minimalist,"minimalist photography, simplicity in composition, clean lines, uncluttered visuals, negative space, focusing on essential elements, conveying tranquility, understated beauty, elegant aesthetics, subtle storytelling, capturing the essence of minimalism","bad anatomy, comics, cropped, cross-eyed, worst quality, low quality, painting, 3D render, drawing, crayon, sketch, graphite, impressionist, cartoon, anime, noisy, blurry, soft, deformed, ugly, lowres, low details, JPEG artifacts, airbrushed, semi-realistic, CGI, render, Blender, digital art, manga, amateur, mutilated, distorted"
Photography | Mockup,"mockup photography, professional presentation, blank, empty, creative composition, versatile use, professional lighting, expert styling, high-quality imagery, realistic perspective, accurate representation","bad anatomy, comics, cropped, cross-eyed, worst quality, low quality, painting, 3D render, drawing, crayon, sketch, graphite, impressionist, cartoon, anime, noisy, blurry, soft, deformed, ugly, lowres, low details, JPEG artifacts, airbrushed, semi-realistic, CGI, render, Blender, digital art, manga, amateur, mutilated, distorted"
Photography | Night,"night photography, nocturnal beauty, city lights, starry skies, celestial wonders, moonlit landscapes, urban glow, capturing the essence of darkness, ethereal atmosphere, dramatic shadows, magical ambiance, long exposure techniques, expert use of light sources","bad anatomy, comics, cropped, cross-eyed, worst quality, low quality, painting, 3D render, drawing, crayon, sketch, graphite, impressionist, cartoon, anime, noisy, blurry, soft, deformed, ugly, lowres, low details, JPEG artifacts, airbrushed, semi-realistic, CGI, render, Blender, digital art, manga, amateur, mutilated, distorted"
Photography | Pet,"pet photography, adorable portrait, playful moment, expressive eyes, showcasing personality, professional lighting, expert composition, capturing joyful interaction, conveying emotion, creative composition, enhancing pet beauty, pet-friendly environment, storytelling through imagery","bad anatomy, comics, cropped, cross-eyed, worst quality, low quality, painting, 3D render, drawing, crayon, sketch, graphite, impressionist, cartoon, anime, noisy, blurry, soft, deformed, ugly, lowres, low details, JPEG artifacts, airbrushed, semi-realistic, CGI, render, Blender, digital art, manga, amateur, mutilated, distorted"
Photography | Portrait,"portrait photography, capturing emotion, personality, flattering lighting, professional, engaging, compelling composition","bad anatomy, comics, cropped, cross-eyed, worst quality, low quality, painting, 3D render, drawing, crayon, sketch, graphite, impressionist, cartoon, anime, noisy, blurry, soft, deformed, ugly, lowres, low details, JPEG artifacts, airbrushed, semi-realistic, CGI, render, Blender, digital art, manga, amateur, mutilated, distorted"
Photography | Portrait > Cinematic,"Cinematic portrait photography, capture subject in a way that resembles a still frame from a movie, cinematic lighting, story, narrative quality, drawing viewers into the scene and evoking a sense of cinematic immersion, capturing emotion, professional, engaging, compelling composition","bad anatomy, comics, cropped, cross-eyed, worst quality, low quality, painting, 3D render, drawing, crayon, sketch, graphite, impressionist, cartoon, anime, noisy, blurry, soft, deformed, ugly, lowres, low details, JPEG artifacts, airbrushed, semi-realistic, CGI, render, Blender, digital art, manga, amateur, mutilated, distorted"
Photography | Portrait > Closeup,"closeup portrait photography, beautiful eyes, capturing emotion, personality, flattering lighting, professional, engaging, compelling composition","bad anatomy, comics, cropped, cross-eyed, worst quality, low quality, painting, 3D render, drawing, crayon, sketch, graphite, impressionist, cartoon, anime, noisy, blurry, soft, deformed, ugly, lowres, low details, JPEG artifacts, airbrushed, semi-realistic, CGI, render, Blender, digital art, manga, amateur, mutilated, distorted"
Photography | Portrait > Fantasy,"fantasy portrait photography, beautiful eyes, ethereal beauty, magical atmosphere, whimsical element, enchanting composition, mystical storytelling, professional lighting, imaginative concept, creative styling, otherworldly aesthetic, fantasy romance, surreal visual, enchanting character, captivating narrative, intricate detail, vibrant color, fantastical landscape","bad anatomy, comics, cropped, cross-eyed, worst quality, low quality, painting, 3D render, drawing, crayon, sketch, graphite, impressionist, cartoon, anime, noisy, blurry, soft, deformed, ugly, lowres, low details, JPEG artifacts, airbrushed, semi-realistic, CGI, render, Blender, digital art, manga, amateur, mutilated, distorted"
Photography | Product,"product photography, crisp details, clean composition, attention to detail, professional lighting, precise focus, appealing aesthetics, capturing textures, high-quality imagery, commercial appeal, creative presentation","bad anatomy, comics, cropped, cross-eyed, worst quality, low quality, painting, 3D render, drawing, crayon, sketch, graphite, impressionist, cartoon, anime, noisy, blurry, soft, deformed, ugly, lowres, low details, JPEG artifacts, airbrushed, semi-realistic, CGI, render, Blender, digital art, manga, amateur, mutilated, distorted"
Photography | Reflection,"reflection photography, mirror-like surfaces, symmetry, visual echoes, capturing dual realities, distorted perspectives, ethereal beauty, introspective imagery, mesmerizing patterns, reflecting mood and emotion, creating visual depth, playing with perception","bad anatomy, comics, cropped, cross-eyed, worst quality, low quality, painting, 3D render, drawing, crayon, sketch, graphite, impressionist, cartoon, anime, noisy, blurry, soft, deformed, ugly, lowres, low details, JPEG artifacts, airbrushed, semi-realistic, CGI, render, Blender, digital art, manga, amateur, mutilated, distorted"
Photography | Sport,"sport photography, action-packed moment, dynamic, intense competition, thrilling movement, showcasing skill, conveying energy, adrenaline-fueled visuals, immersive experience, storytelling through action, dramatic composition, showcasing passion, capturing decisive moments, vibrant colors, dynamic composition, powerful imagery, engaging perspective","bad anatomy, comics, cropped, cross-eyed, worst quality, low quality, painting, 3D render, drawing, crayon, sketch, graphite, impressionist, cartoon, anime, noisy, blurry, soft, deformed, ugly, lowres, low details, JPEG artifacts, airbrushed, semi-realistic, CGI, render, Blender, digital art, manga, amateur, mutilated, distorted"
Photography | Still Life,"still life photography, capturing tranquility, timeless beauty, meticulous arrangement, exquisite detail, professional lighting, expert composition, evocative mood, storytelling through objects, artistic interpretation, creative expression, showcasing textures, intricate patterns, enhancing atmosphere, conveying emotions, masterful technique, immersive experience","bad anatomy, comics, cropped, cross-eyed, worst quality, low quality, painting, 3D render, drawing, crayon, sketch, graphite, impressionist, cartoon, anime, noisy, blurry, soft, deformed, ugly, lowres, low details, JPEG artifacts, airbrushed, semi-realistic, CGI, render, Blender, digital art, manga, amateur, mutilated, distorted"
Photography | Surreal,"surreal photography, dreamlike imagery, subconscious exploration, bending reality, imaginative narratives, juxtaposing elements, evoking wonder and awe, transcending boundaries, challenging perceptions, fantastical landscapes, otherworldly atmospheres","bad anatomy, comics, cropped, cross-eyed, worst quality, low quality, painting, 3D render, drawing, crayon, sketch, graphite, impressionist, cartoon, anime, noisy, blurry, soft, deformed, ugly, lowres, low details, JPEG artifacts, airbrushed, semi-realistic, CGI, render, Blender, digital art, manga, amateur, mutilated, distorted"
Photography | Time-lapse,"time-lapse photography, dynamic motion, fluid transition, changing landscape, evolving scene, captivating visual storytelling, accelerated time","bad anatomy, comics, cropped, cross-eyed, worst quality, low quality, painting, 3D render, drawing, crayon, sketch, graphite, impressionist, cartoon, anime, noisy, blurry, soft, deformed, ugly, lowres, low details, JPEG artifacts, airbrushed, semi-realistic, CGI, render, Blender, digital art, manga, amateur, mutilated, distorted"
Photography | Underwater,"underwater photography, otherworldly landscape, unique perspective, ethereal lighting, dynamic composition, captivating underwater scene, immersive, serene, expert lighting technique, breathtaking moment captured","bad anatomy, comics, cropped, cross-eyed, worst quality, low quality, painting, 3D render, drawing, crayon, sketch, graphite, impressionist, cartoon, anime, noisy, blurry, soft, deformed, ugly, lowres, low details, JPEG artifacts, airbrushed, semi-realistic, CGI, render, Blender, digital art, manga, amateur, mutilated, distorted"
Photography | Vintage,"vintage photography, nostalgic charm, timeless appeal, old-world aesthetics, classic elegance, warm tones, soft focus, aged textures, evoking nostalgia, historical ambiance, storytelling through imagery, vintage atmosphere, timeless compositions, authentic vintage look, professional technique","bad anatomy, comics, cropped, cross-eyed, worst quality, low quality, painting, 3D render, drawing, crayon, sketch, graphite, impressionist, cartoon, anime, noisy, blurry, soft, deformed, ugly, lowres, low details, JPEG artifacts, airbrushed, semi-realistic, CGI, render, Blender, digital art, manga, amateur, mutilated, distorted"
Photography | Wildlife,"wildlife photography, capturing nature's beauty, breathtaking landscapes, immersive experience, storytelling through imagery, showcasing wildlife behavior, sharp details, evocative composition, unique perspective","bad anatomy, comics, cropped, cross-eyed, worst quality, low quality, painting, 3D render, drawing, crayon, sketch, graphite, impressionist, cartoon, anime, noisy, blurry, soft, deformed, ugly, lowres, low details, JPEG artifacts, airbrushed, semi-realistic, CGI, render, Blender, digital art, manga, amateur, mutilated, distorted"
||| PAINTING,painting art style,"signature, watermark, photo, photorealistic, realism, ugly, off-center, deformed, 35mm film, dslr, cropped, frame, worst quality, low quality, lowres, JPEG artifacts"
Painting | Abstract Expressionism,"Abstract Expressionism art style, emphasizes spontaneous and gestural brushwork, explores emotions and inner thoughts, non-representational and subjective, influenced by the subconscious and the act of painting itself","signature, watermark, photo, photorealistic, realism, ugly, off-center, deformed, 35mm film, dslr, cropped, frame, worst quality, low quality, lowres, JPEG artifacts"
Painting | Acrylic,"Acrylic Paint art style, fast-drying paint, versatile, vibrant colors, expressive brushwork, rich textures, dynamic compositions, bold contrasts, layered depth, tactile quality, fluid movement, lively energy, immersive atmosphere, professional-grade finish","signature, watermark, photo, photorealistic, realism, ugly, off-center, deformed, 35mm film, dslr, cropped, frame, worst quality, low quality, lowres, JPEG artifacts"
Painting | Aerosol,"Aerosol paint art style, spray painted, vibrant colors, seamless blending, dynamic compositions, bold contrasts, urban aesthetic, professional-grade results","signature, watermark, photo, photorealistic, realism, ugly, off-center, deformed, 35mm film, dslr, cropped, frame, worst quality, low quality, lowres, JPEG artifacts"
Painting | Children Book Art,"digital painting, whimsical children's book art style, charming and inviting illustration style, soft and rounded shapes, warm and inviting color palette, creates a friendly and serene atmosphere, simplicity and clarity make it accessible and enjoyable for a wide audience, imaginative scene with fantastical elements in a storybook-like setting, encourages viewer's sense of wonder and exploration","signature, watermark, photo, photorealistic, realism, ugly, off-center, deformed, 35mm film, dslr, cropped, frame, worst quality, low quality, lowres, JPEG artifacts"
Painting | Chinese Ink Brush,"Chinese ink brush art style, graceful brushwork, elegant compositions, traditional motifs, professional-grade execution, captures the essence of Chinese culture and aesthetics","Chinese writing, signature, watermark, photo, photorealistic, realism, ugly, off-center, deformed, 35mm film, dslr, cropped, frame, worst quality, low quality, lowres, JPEG artifacts"
Painting | Digital,"Digital painting art style, dynamic composition, professional-grade execution","signature, watermark, photo, photorealistic, realism, ugly, off-center, deformed, 35mm film, dslr, cropped, frame, worst quality, low quality, lowres, JPEG artifacts"
Painting | Digital Fantasy Game Art,"digital painting art style, fantasy video game concept art style, dynamic and richly detailed composition, vibrant colors, action-packed scene, emphasizes dramatic poses and expressive faces, immersive environments with fantasy backgrounds, designed to draw viewers into fantastical worlds, typical for character and environment designs in video games","signature, watermark, photo, photorealistic, realism, ugly, off-center, deformed, 35mm film, dslr, cropped, frame, worst quality, low quality, lowres, JPEG artifacts"
Painting | Fantasy Art,"Fantasy painting art style, imaginative, dynamic composition, professional-grade execution, creates immersive world and landscape, painterly, epic, magical","signature, watermark, photo, photorealistic, realism, ugly, off-center, deformed, 35mm film, dslr, cropped, frame, worst quality, low quality, lowres, JPEG artifacts"
Painting | Fantasy Cartoon,"Fantasy cartoon concept art style, cartoon cute digital painting, imaginative, dynamic composition, whimsical expression, adorable, playful character, professional-grade execution, creates immersive world and landscape, brush strokes","signature, watermark, photo, photorealistic, realism, ugly, off-center, deformed, 35mm film, dslr, cropped, frame, worst quality, low quality, lowres, JPEG artifacts"
Painting | Fantasy Digital Art,"Fantasy concept art style, digital painting, imaginative, dynamic composition, professional-grade execution, creates immersive world and landscape, brush strokes, epic, magical","signature, watermark, photo, photorealistic, realism, ugly, off-center, deformed, 35mm film, dslr, cropped, frame, worst quality, low quality, lowres, JPEG artifacts"
Painting | Fantasy Game Concept Item,"Fantasy game concept art on solid color background, game item design, detailed and painterly style, focus on fantasy elements, attention to texture and additional elements like, suitable for video games or animation","signature, watermark, photo, photorealistic, realism, ugly, off-center, deformed, 35mm film, dslr, cropped, frame, worst quality, low quality, lowres, JPEG artifacts"
Painting | Fresco,"Fresco painting art style, ancient painting technique dating back to antiquity, rich colors and textures, timeless aesthetic, historical significance, evokes a sense of tradition and craftsmanship","signature, watermark, photo, photorealistic, realism, ugly, off-center, deformed, 35mm film, dslr, cropped, frame, worst quality, low quality, lowres, JPEG artifacts"
Painting | Gouache,"gouache painting style, gouache opaque colors, matte finish, vibrant hues, dynamic compositions, professional-grade result, adds depth and texture","signature, watermark, photo, photorealistic, realism, ugly, off-center, deformed, 35mm film, dslr, cropped, frame, worst quality, low quality, lowres, JPEG artifacts"
Painting | Gouache Cartoon,"gouache painting style, gouache vibrant colors, adorable, whimsical expression, playful character, dynamic compositions, professional-grade result, adds depth and texture","signature, watermark, photo, photorealistic, realism, ugly, off-center, deformed, 35mm film, dslr, cropped, frame, worst quality, low quality, lowres, JPEG artifacts"
Painting | Graffiti,"Graffiti aerosol painting art style, bold composition, vibrant colors, mural, urban aesthetic, hip hop culture","signature, watermark, photo, photorealistic, realism, ugly, off-center, deformed, 35mm film, dslr, cropped, frame, worst quality, low quality, lowres, JPEG artifacts"
Painting | Grimdark,"Grimdark painting art style, dark and brooding composition, dramatic lighting, captures the sinister and macabre atmosphere","signature, watermark, photo, photorealistic, realism, ugly, off-center, deformed, 35mm film, dslr, cropped, frame, worst quality, low quality, lowres, JPEG artifacts"
Painting | Impasto,"impasto painting art style, thick and textured brushwork, vibrant colors, tactile quality, expressive strokes, dynamic compositions, bold contrasts, dramatic lighting effects, immersive texture, professional-grade finish, adds depth and dimension, creates visual interest","signature, watermark, photo, photorealistic, realism, ugly, off-center, deformed, 35mm film, dslr, cropped, frame, worst quality, low quality, lowres, JPEG artifacts"
Painting | Impressionism Painting Style,"Impressionism painting art style, loose brushwork, captures the fleeting effects of light and atmosphere","signature, watermark, photo, photorealistic, realism, ugly, off-center, deformed, 35mm film, dslr, cropped, frame, worst quality, low quality, lowres, JPEG artifacts"
Painting | Magic Realism,"Magic realism painting art style, surreal compositions, vibrant colors, blurs the line between reality and fantasy","signature, watermark, photo, photorealistic, realism, ugly, off-center, deformed, 35mm film, dslr, cropped, frame, worst quality, low quality, lowres, JPEG artifacts"
Painting | Oil Painting,"oil painting art style, rich colors, lush textures, expressive brushwork, blendable layers, dynamic compositions, professional-grade finish, versatile medium, timeless elegance, immersive depth, vibrant hues, intricate detailing, adds depth and dimension","signature, watermark, photo, photorealistic, realism, ugly, off-center, deformed, 35mm film, dslr, cropped, frame, worst quality, low quality, lowres, JPEG artifacts"
Painting | Palette Knife,"palette knife painting art style, bold textures, impasto effects, expressive strokes, vibrant colors, dynamic compositions, professional-grade finish, adds depth and dimension, creates tactile quality, immersive texture, contemporary aesthetic","signature, watermark, photo, photorealistic, realism, ugly, off-center, deformed, 35mm film, dslr, cropped, frame, worst quality, low quality, lowres, JPEG artifacts"
Painting | Pointillism,"Pointillism art style, uses dots of color to create images, optical blending creates vibrant and textured surfaces","signature, watermark, photo, photorealistic, realism, ugly, off-center, deformed, 35mm film, dslr, cropped, frame, worst quality, low quality, JPEG artifacts"
Painting | Renaissance,"oil painting art style from Renaissance period, masterful composition, Renaissance mood, renaissance oil painting, brush strokes","painting frame, signature, watermark, photo, photorealistic, realism, ugly, off-center, deformed, 35mm film, dslr, cropped, frame, worst quality, low quality, lowres, JPEG artifacts"
Painting | Retrofuturism,"Retrofuturism painting art style, nostalgic composition, combines retro aesthetics with futuristic elements","signature, watermark, photo, photorealistic, realism, ugly, off-center, deformed, 35mm film, dslr, cropped, frame, worst quality, low quality, lowres, JPEG artifacts"
Painting | Sumi-e Painting,"Sumi-e painting style, traditional Japanese ink wash painting, emphasizes simplicity and elegance, expressive brushwork, captures the essence of the subject with minimal strokes, meditative and reflective","Japanese writing, Chinese writing, chinese stamp, signature, watermark, photo, photorealistic, realism, ugly, off-center, deformed, 35mm film, dslr, cropped, frame, worst quality, low quality, lowres, JPEG artifacts"
Painting | Watercolor,"Watercolor painting art style, transparent and delicate layers, luminous and ethereal effects, spontaneous and fluid compositions, subtle gradients and blending, captures light and atmosphere, creates soft and dreamy scenes","signature, watermark, photo, photorealistic, realism, ugly, off-center, deformed, 35mm film, dslr, cropped, frame, worst quality, low quality, lowres, JPEG artifacts"
Painting | Watercolor > Cartoon,"Cartoon watercolor painting style, playful cartoon character, dynamic composition, whimsical expression, soft and fluid texture, adds charm and personality, subtle gradients and blending, captures light and atmosphere, creates soft and dreamy scenes, watercolor texture","signature, watermark, photo, photorealistic, realism, ugly, off-center, deformed, 35mm film, dslr, cropped, frame, worst quality, low quality, lowres, JPEG artifacts"
Painting | Watercolor on White Background,"Watercolor painting art style, isolated on solid white background, transparent and delicate layers, luminous and ethereal effects, subtle gradients and blending, captures light and atmosphere, creates soft and dreamy scenes","signature, watermark, photo, photorealistic, realism, ugly, off-center, deformed, 35mm film, dslr, cropped, frame, worst quality, low quality, lowres, JPEG artifacts"
||| Illustrations,Illustration art style,"signature, watermark, photo, photorealistic, realism, ugly, off-center, deformed, 35mm film, dslr, cropped, frame, worst quality, low quality, lowres, JPEG artifacts"
Illustration | Art Deco,"Art Deco illustration style, elegant and geometric designs, streamlined and symmetrical compositions, embodies the glamour and sophistication of the Art Deco era, influenced by modernism and machine aesthetics","signature, watermark, photo, photorealistic, realism, ugly, off-center, deformed, 35mm film, dslr, cropped, frame, worst quality, low quality, lowres, JPEG artifacts"
Illustration | Anime,"anime art style, anime digital art, expressive anime art, dynamic composition, anime style, vibrant, studio anime, highly detailed","signature, watermark, photo, photorealistic, realism, ugly, off-center, deformed, 35mm film, dslr, cropped, frame, worst quality, low quality, lowres, JPEG artifacts"
Illustration | Anime > Chibi,"Chibi anime art style, cute and exaggerated characters, large heads and small bodies, expressive facial features, playful and whimsical, popular in manga and anime fandoms","signature, watermark, photo, photorealistic, realism, ugly, off-center, deformed, 35mm film, dslr, cropped, frame, worst quality, low quality, lowres, JPEG artifacts"
Illustration | Anime > Kawaii,"Kawaii anime art style, cute, adorable characters with big eyes and small mouths, pastel colors, playful and endearing","signature, watermark, photo, photorealistic, realism, ugly, off-center, deformed, 35mm film, dslr, cropped, frame, worst quality, low quality, lowres, JPEG artifacts"
Illustration | Anime > Mecha,"Mecha anime art style, focuses on giant robots and mechanical suits, intricate mechanical designs, dynamic action scenes, futuristic settings, appeals to fans of science fiction and action genres","signature, watermark, photo, photorealistic, realism, ugly, off-center, deformed, 35mm film, dslr, cropped, frame, worst quality, low quality, lowres, JPEG artifacts"
Illustration | Anime > Realistic,"Realistic anime art style, combines anime aesthetics with lifelike details, detailed character designs, intricate backgrounds, immersive storytelling","painting, drawing, signature, watermark, ugly, off-center, deformed, cropped, frame, worst quality, low quality, lowres, JPEG artifacts"
Illustration | Cartoon,"Cartoon illustration style, whimsical and expressive characters, exaggerated features and emotions, versatile and adaptable for various storytelling purposes","signature, watermark, photo, photorealistic, realism, ugly, off-center, deformed, 35mm film, dslr, cropped, frame, worst quality, low quality, lowres, JPEG artifacts"
Illustration | Cartoon Character on White BG,"cartoon digital painting art style, isolated on solid white background, adorable, big eyes, cute cartoon character","signature, watermark, photo, photorealistic, realism, ugly, off-center, deformed, 35mm film, dslr, cropped, frame, worst quality, low quality, lowres, JPEG artifacts"
Illustration | Children's book,"Children's book illustration style, whimsical and charming imagery, bright and playful colors, engaging characters and storytelling, cartoon","signature, watermark, photo, photorealistic, realism, ugly, off-center, deformed, 35mm film, dslr, cropped, frame, worst quality, low quality, lowres, JPEG artifacts"
Illustration | Fantasy,"Fantasy illustration style, transports viewers to imaginative worlds, epic landscape, and heroic adventures, sparks wonder and inspiration","signature, watermark, photo, photorealistic, realism, ugly, off-center, deformed, 35mm film, dslr, cropped, frame, worst quality, low quality, lowres, JPEG artifacts"
Illustration | Fantasy Cartoon on White BG,"Watercolor cartoon illustration on solid white background, enchanted, adorable, Digital Cartoon Illustration, a simple and charming design","signature, watermark, photo, photorealistic, realism, ugly, off-center, deformed, 35mm film, dslr, cropped, frame, worst quality, low quality, lowres, JPEG artifacts"
Illustration | Fashion,"Fashion illustration style, captures the latest trends and designs in clothing and accessories, elegant and stylized figures, showcases creativity and imagination in the fashion industry","signature, watermark, photo, photorealistic, realism, ugly, off-center, deformed, 35mm film, dslr, cropped, frame, worst quality, low quality, lowres, JPEG artifacts"
Illustration | Game Art,"Game art illustration style, game illustration, diverse and immersive visuals, whimsical, dynamic characters and environments, rich color palettes, enhances storytelling and gameplay experience","signature, watermark, photo, photorealistic, realism, ugly, off-center, deformed, 35mm film, dslr, cropped, frame, worst quality, low quality, lowres, JPEG artifacts"
Illustration | Illuminated Manuscript,"Illuminated manuscript art style illustration, medieval illustration, intricate and detailed illustration, vibrant colors and gold leaf accents, showcases meticulous craftsmanship and dedication","signature, watermark, photo, photorealistic, realism, ugly, off-center, deformed, 35mm film, dslr, cropped, frame, worst quality, low quality, lowres, JPEG artifacts"
Illustration | Pop Art,"Pop art illustration style, vibrant and bold colors, uses imagery from popular culture, incorporate elements of mass media and consumerism, celebrates the mundane and everyday objects","signature, watermark, photo, photorealistic, realism, ugly, off-center, deformed, 35mm film, dslr, cropped, frame, worst quality, low quality, lowres, JPEG artifacts"
Illustration | Retro,"Retro illustration style, nostalgic and vintage aesthetics, inspired by design elements from past decades, evokes a sense of nostalgia and charm","signature, watermark, photo, photorealistic, realism, ugly, off-center, deformed, 35mm film, dslr, cropped, frame, worst quality, low quality, lowres, JPEG artifacts"
Illustration | Modern,"Modern illustration style, contemporary and cutting-edge, embraces new techniques and technologies, reflects current trends and cultural influences","signature, watermark, photo, photorealistic, realism, ugly, off-center, deformed, 35mm film, dslr, cropped, frame, worst quality, low quality, lowres, JPEG artifacts"
Illustration | Modernism,"Modernism illustration style, embraces experimentation and abstraction, breaks away from traditional representation, explores new forms and techniques, reflects the spirit of innovation and progress.","signature, watermark, photo, photorealistic, realism, ugly, off-center, deformed, 35mm film, dslr, cropped, frame, worst quality, low quality, lowres, JPEG artifacts"
Illustration | Sticker,Sticker art style isolated on solid color background,"signature, watermark, photo, photorealistic, realism, ugly, off-center, deformed, 35mm film, dslr, cropped, frame, worst quality, low quality, lowres, JPEG artifacts"
Illustration | Sticker Cute,"Cute adorable cartoon sticker art style isolated on solid color background, charming and endearing characters or designs, appeals to emotions like joy and affection","signature, watermark, photo, photorealistic, realism, ugly, off-center, deformed, 35mm film, dslr, cropped, frame, worst quality, low quality, lowres, JPEG artifacts"
Illustration | Sticker Watercolor,"Sticker art style isolated on solid color background, watercolor painting art style, transparent and delicate layers, luminous and ethereal effects, spontaneous and fluid compositions, subtle gradients and blending","signature, watermark, photo, photorealistic, realism, ugly, off-center, deformed, 35mm film, dslr, cropped, frame, worst quality, low quality, lowres, JPEG artifacts"
||| DRAWING,"drawing art style, expressive lines, dynamic composition","signature, watermark, photo, photorealistic, realism, ugly, off-center, deformed, 35mm film, dslr, cropped, frame, worst quality, low quality, lowres, JPEG artifacts"
Drawing | Blue Ballpoint Pen,"dark blue color ballpoint pen drawing art style, expressive dark blue lines, dynamic compositions, professional-grade execution, captures the spontaneity and fluidity of sketching","signature, watermark, photo, photorealistic, realism, ugly, off-center, deformed, 35mm film, dslr, cropped, frame, worst quality, low quality, lowres, JPEG artifacts"
Drawing | Caricature,"Caricature art style, exaggerated features, humorous interpretation, dynamic composition, professional-grade execution, adds humor and personality, captures essence in a playful manner","signature, watermark, photo, photorealistic, realism, ugly, off-center, deformed, 35mm film, dslr, cropped, frame, worst quality, low quality, lowres, JPEG artifacts"
Drawing | Caricature Extreme,"caricature art style, highly exaggerated features, humorous interpretation, bold and dynamic composition, professional-grade execution, adds humor and personality, captures essence in a exaggerated playful manner","signature, watermark, photo, photorealistic, realism, ugly, off-center, deformed, 35mm film, dslr, cropped, frame, worst quality, low quality, lowres, JPEG artifacts"
Drawing | Charcoal,"charcoal drawing style, dramatic contrast, expressive strokes, rich textures, dynamic composition, professional-grade finish, classic aesthetic","signature, watermark, photo, photorealistic, realism, ugly, off-center, deformed, 35mm film, dslr, cropped, frame, worst quality, low quality, lowres, JPEG artifacts"
Drawing | Colored Pencil,"Colored pencil drawing art style, vibrant colors, delicate shading, professional-grade execution, captures the richness and depth of traditional drawing techniques","signature, watermark, photo, photorealistic, realism, ugly, off-center, deformed, 35mm film, dslr, cropped, frame, worst quality, low quality, lowres, JPEG artifacts"
Drawing | Graphite,"graphite drawing art style, subtle tones, delicate shading, precise detailing, fine textures, expressive lines, intricate compositions, timeless elegance, professional-grade finish, immersive depth, classic aesthetic","signature, watermark, photo, photorealistic, realism, ugly, off-center, deformed, 35mm film, dslr, cropped, frame, worst quality, low quality, lowres, JPEG artifacts"
Drawing | Ink,"Ink drawing art style, bold lines, expressive strokes, high contrast, intricate details, dynamic compositions, versatile medium, professional-grade finish, classic aesthetic, adds depth and texture, timeless elegance","signature, watermark, photo, photorealistic, realism, ugly, off-center, deformed, 35mm film, dslr, cropped, frame, worst quality, low quality, lowres, JPEG artifacts"
Drawing | Pastel,"pastel drawing art style, pastel colors, delicate shading, dynamic composition, soft and velvety pastel textures, amazing pastel drawing","signature, watermark, photo, photorealistic, realism, ugly, off-center, deformed, 35mm film, dslr, cropped, frame, worst quality, low quality, lowres, JPEG artifacts"
Drawing | Pen,"pen drawing art style, precise lines, intricate details, high contrast, dynamic compositions, versatile medium, professional-grade finish, timeless elegance, creates bold and expressive strokes","signature, watermark, photo, photorealistic, realism, ugly, off-center, deformed, 35mm film, dslr, cropped, frame, worst quality, low quality, lowres, JPEG artifacts"
Drawing | Pencil,"Pencil drawing art style, delicate shading, precise lines, professional-grade execution, captures the subtlety and texture of graphite","signature, watermark, photo, photorealistic, realism, ugly, off-center, deformed, 35mm film, dslr, cropped, frame, worst quality, low quality, lowres, JPEG artifacts"
Drawing | Scratchboard,"Scratchboard drawing art style, intricate details, dramatic contrast, professional-grade execution, captures the tactile quality and depth of etching","signature, watermark, photo, photorealistic, realism, ugly, off-center, deformed, 35mm film, dslr, cropped, frame, worst quality, low quality, lowres, JPEG artifacts"
Drawing | Technical,"Technical drawing art style, precise and detailed, emphasizes accuracy and clarity, communicates complex ideas visually","signature, watermark, photo, photorealistic, realism, ugly, off-center, deformed, 35mm film, dslr, cropped, frame, worst quality, low quality, lowres, JPEG artifacts"
Drawing | Zentangle,"Zentangle drawing art style, clean, minimalist, meditative and relaxing, uses repetitive patterns and structured designs to create intricate and abstract artworks, precise lines, professional-grade execution, contrast, black and white","signature, watermark, photo, photorealistic, realism, ugly, off-center, deformed, 35mm film, dslr, cropped, frame, worst quality, low quality, lowres, JPEG artifacts"
||| 3D RENDER,"professional 3d render, 3D render artistic style, intricate details, creative composition, professional rendering, photorealistic textures, dynamic lighting, captivating visuals, octane render, highly detailed, volumetric, dramatic lighting","low-quality rendering, photo, photorealistic, realism, ugly, worst quality, low quality, lowres, JPEG artifacts"
3D | Abstract,"abstract 3D render, abstract 3d art, imaginative design, dynamic lighting, immersive presentation, captivating visuals, high-quality rendering techniques, innovative concept, unique aesthetics, creative compositions, visually stunning results, volumetric, 4k","painting, low-quality rendering, photo, photorealistic, realism, ugly, worst quality, low quality, lowres, JPEG artifacts"
3D | Abstract > Fluid Dynamics,"fluid dynamics 3D art style, 3d fluid render, expressive and dynamic, vibrant contrasting colors, lively appearance, mesmerizing flow of shapes, simulation of fluid dynamics, swirling motion, bold colors blending seamlessly, abstract and captivating, fluidity and energy, mesmerizing composition, engaging viewer experience, seamless integration of colors and shapes, volumetric, 4k","painting, low-quality rendering, photo, photorealistic, realism, ugly, worst quality, low quality, lowres, JPEG artifacts"
3D | Abstract > Soft Forms,"modern abstract 3D art style, focusing on organic shapes and objects, soft colors, captivating composition, tactile qualities, smoothness, softness, contrast between matte and shiny textures, depth and interest, blend of textures, minimalistic yet complex aesthetic, volumetric, 4k","painting, low-quality rendering, photo, photorealistic, realism, ugly, worst quality, low quality, lowres, JPEG artifacts"
3D | Architectural,"professional 3D architectural rendering, realistic visualization, intricate detailing, lifelike textures, dynamic lighting, immersive environment, photorealistic representation, captivating visuals, realistic materials, professional rendering techniques, volumetric, 4k","painting, low-quality rendering, ugly, worst quality, low quality, lowres, JPEG artifacts"
3D | Character,"professional 3D character design, dynamic pose, expert character design, engaging storytelling, captivating visuals, imaginative concept, high-quality rendering, volumetric, 4k","low-quality rendering, photo, photorealistic, realism, ugly, worst quality, low quality, lowres, JPEG artifacts"
3D | Character > Cartoon,"professional 3D cartoon character design, whimsical animation, vibrant personality, exaggerated features, dynamic pose, expert character design, colorful textures, engaging storytelling, versatile animation styles, captivating visuals, imaginative concepts, playful interactions, high-quality rendering, volumetric, 4k","low-quality rendering, photo, photorealistic, realism, ugly, worst quality, low quality, lowres, JPEG artifacts"
3D | Character > Cartoon Cute,"professional 3D design of a cute and adorable cartoon character with big eyes, charming animation, endearing personality, exaggerated features, dynamic pose, captivating expression, expert character design, vibrant and colorful textures, engaging storytelling, versatile animation style, high-quality render, volumetric, 4k","low-quality rendering, photo, photorealistic, realism, ugly, worst quality, low quality, lowres, JPEG artifacts"
3D | Game Asset,"3d game item, high-quality 3D rendering of a game asset, dynamic lighting, captivating visuals, seamless integration, realistic materials, high-quality rendering techniques, versatile application, innovative concepts, optimized for gaming engines, volumetric, 4k","low-quality rendering, photo, photorealistic, realism, ugly, worst quality, low quality, lowres, JPEG artifacts"
3D | Hard Surface,"professional hard surface 3D design modeling, hard surface expert modeling, hard surface 3d render, precise detailing, captivating visuals, professional-grade design, dynamic appearance, attention-grabbing aesthetics, high-quality rendering techniques, volumetric, 4k","painting, low-quality rendering, photo, photorealistic, realism, ugly, worst quality, low quality, lowres, JPEG artifacts"
3D | Icon,"3D icon design, isolated on solid background, creative icon design, minimalist, depth and dimensionality, dynamic lighting, captivating visuals, high-quality rendering techniques, volumetric, 4k","painting, low-quality rendering, photo, photorealistic, realism, ugly, worst quality, low quality, lowres, JPEG artifacts"
3D | Isometric,"isometric 3D render, isometric 3D design, isometric perspective, precise perspective, clean, dynamic lighting, captivating visuals, immersive presentation, high-quality rendering techniques, volumetric, dramatic lighting, 4k","painting, low-quality rendering, photo, photorealistic, realism, ugly, worst quality, low quality, lowres, JPEG artifacts"
3D | Low Poly,"Low poly 3D design aesthetic, minimalist and stylized appearance, expert modeling software, efficient detailing, immersive presentation, captivating visuals, professional-grade design, dynamic and clean appearance, versatile application, attention-grabbing aesthetics, efficient rendering, suitable for performance-sensitive applications such as games and simulations","painting, low-quality rendering, photo, photorealistic, realism, ugly, worst quality, low quality, lowres, JPEG artifacts"
3D | Mech,"3d mechanical render, mech style, scifi, futuristic, detailed mech 3D rendering, intricate design, dynamic lighting, captivating visuals, high-quality rendering techniques, futuristic aesthetics, volumetric, 4k","painting, low-quality rendering, photo, photorealistic, realism, ugly, worst quality, low quality, lowres, JPEG artifacts"
3D | Model,"detailed 3D model representation, 3d render, captivating visuals, professional-grade design, dynamic appearance, high-quality rendering techniques, volumetric, 4k","painting, low-quality rendering, photo, photorealistic, realism, ugly, worst quality, low quality, lowres, JPEG artifacts"
3D | Product,"professional 3d model, 3D product visualization, octane render, immersive presentation, photorealistic rendering, captivating visuals, realistic materials, highly detailed, volumetric, dramatic lighting, 4k","low poly, blurry, painting, low-quality rendering, photo, photorealistic, realism, ugly, worst quality, low quality, lowres, JPEG artifacts"
3D | Sci-Fi,"futuristic 3D rendering, imaginative design, dynamic lighting, immersive presentation, volumetric, futuristic elements, captivating visuals, realistic materials, high-quality rendering techniques, innovative concepts, otherworldly atmosphere, futuristic aesthetics, immersive storytelling, 4k","painting, low-quality rendering, photo, photorealistic, realism, ugly, worst quality, low quality, lowres, JPEG artifacts"
3D | Vehicle,"professional 3D vehicle render, realistic representation, intricate detailing, dynamic lighting, immersive presentation, seamless integration, photorealistic rendering, captivating visuals, realistic materials, high-quality rendering techniques, octane render, highly detailed, volumetric, dramatic lighting, 4k","painting, low-quality rendering, photo, photorealistic, realism, ugly, worst quality, low quality, lowres, JPEG artifacts"
||| VECTOR,"Vector art style, crisp lines, scalable graphics, professional-grade execution, clean, sharp","painting, signature, watermark, photo, photorealistic, realism, ugly, off-center, deformed, 35mm film, dslr, cropped, frame, worst quality, low quality, lowres, JPEG artifacts"
Vector | Coloring Book Page,"Vector coloring book page style, clean and crisp lines, on solid white background, scalable and editable artwork, suitable for printing and digital coloring, promotes creativity and relaxation, black and white, contrast, profesional, minimalist","painting, signature, shading, gray, gradient, watermark, photo, photorealistic, realism, ugly, off-center, deformed, 35mm film, dslr, cropped, frame, worst quality, low quality, lowres, JPEG artifacts"
Vector | Flat Art Style,"Modern flat vector style art on solid color background, minimalist, flat vector art, corporate artstyle, simplified shapes, modern color palette, modern conceptual art, clean lines, geometric forms, contemporary graphic design influence, stylized character features, playful touch, visually appealing, clear communication of ideas, suitable for modern media, web design, advertising, cheerful and engaging aesthetic, easily adaptable","signature, watermark, photo, photorealistic, realism, ugly, off-center, deformed, 35mm film, dslr, cropped, frame, worst quality, low quality, lowres, JPEG artifacts"
Vector | Line Art,"black vector line art on solid white background, minimalist, vector line art style, clean lines, scalable graphics, professional-grade execution, stylized, professional vector, sleek, modern, graphic, vector graphics","painting, signature, shading, gradient, watermark, photo, photorealistic, realism, ugly, off-center, deformed, 35mm film, dslr, cropped, frame, worst quality, low quality, lowres, JPEG artifacts"
Vector | Logo Symbol,"vector logo art style, on solid color background, vector logo symbol, stylized logo, logo icon, minimalist, clean, clean and scalable designs, precise lines, professional-grade execution, emphasizes simplicity and versatility","signature, shading, gradient, painting, watermark, photo, photorealistic, realism, ugly, off-center, deformed, 35mm film, dslr, cropped, frame, worst quality, low quality, lowres, JPEG artifacts"
Vector | Silhouette,"black vector silhouette on solid white background, minimalist, SVG silhouette art style, clean lines and shapes, scalable graphics, professional-grade execution, stylized, professional vector","signature, shading, gradient, painting, watermark, photo, photorealistic, realism, ugly, off-center, deformed, 35mm film, dslr, cropped, frame, worst quality, low quality, lowres, JPEG artifacts"
Vector | Silhouette Cute,"cute cartoon black vector silhouette on solid white background, minimalist, SVG silhouette art style, adorable, clean lines and shapes, scalable graphics, professional-grade execution, stylized cartoon, professional cartoon vector","signature, shading, gradient, painting, watermark, photo, photorealistic, realism, ugly, off-center, deformed, 35mm film, dslr, cropped, frame, worst quality, low quality, lowres, JPEG artifacts"
||| DESIGN,"design style, professional design","signature, watermark, ugly, off-center, deformed, cropped, frame, worst quality, low quality, lowres, JPEG artifacts"
Design | Avatar,"Avatar design style, visually appealing and distinctive avatar, professional-grade execution, represents individual or brand identity effectively, enhances online presence and engagement","signature, watermark, ugly, off-center, deformed, cropped, frame, worst quality, low quality, lowres, JPEG artifacts"
Design | Banner,"Banner design style, eye-catching and informative banner, professional-grade execution, effectively communicates message or event details, captures attention","signature, watermark, ugly, off-center, deformed, cropped, frame, worst quality, low quality, lowres, JPEG artifacts"
Design | Brochure,"Brochure design style, informative and visually appealing layout, professional-grade execution, effectively communicates product or service details, enhances brand credibility","signature, watermark, ugly, off-center, deformed, cropped, frame, worst quality, low quality, lowres, JPEG artifacts"
Design | Business card,"Business card design style, professional and memorable card, professional-grade execution, effectively represents brand identity and contact information","signature, watermark, ugly, off-center, deformed, cropped, frame, worst quality, low quality, lowres, JPEG artifacts"
Design | Event Invitation,"Event invitation design style, visually appealing and informative invitation, professional-grade execution, effectively communicates event details, encourages attendance","signature, watermark, ugly, off-center, deformed, cropped, frame, worst quality, low quality, lowres, JPEG artifacts"
Design | Favicon,"Favicon design style, isolated on white background, small and recognizable website icon, professional-grade execution, enhances brand recognition and website identity, complements overall design aesthetic","complex, boring, signature, watermark, ugly, off-center, deformed, cropped, frame, worst quality, low quality, lowres, JPEG artifacts"
Design | Flyer,"Flyer design style, visually appealing and informative flyer, professional-grade execution, effectively promotes an event or product, engages audience","signature, watermark, ugly, off-center, deformed, cropped, frame, worst quality, low quality, lowres, JPEG artifacts"
Design | Icon Design,"Icon design style, visually clear and recognizable icon, professional-grade execution, effectively conveys concepts or actions, enhances user interface and experience","signature, watermark, ugly, off-center, deformed, cropped, frame, worst quality, low quality, lowres, JPEG artifacts"
Design | Icon Design Simple Black,"minimalist modern black icon design on solid white background, simple stylized icon, vector graphic icon, clean and minimalist vector icon, professional-grade execution, enhances visual clarity and simplicity","complex, boring, signature, watermark, ugly, off-center, deformed, cropped, frame, worst quality, low quality, lowres, JPEG artifacts"
Design | Infographic,"Infographic design style, visually engaging and informative graphic, professional-grade execution, effectively communicates complex information or data, enhances understanding","signature, watermark, ugly, off-center, deformed, cropped, frame, worst quality, low quality, lowres, JPEG artifacts"
Design | Letterhead,"Letterhead design style, professional and branded letterhead, professional-grade execution, enhances brand identity and communication","signature, watermark, ugly, off-center, deformed, cropped, frame, worst quality, low quality, lowres, JPEG artifacts"
Design | Logo,"Logo design style, custom and memorable logo, professional-grade execution, captures brand identity and values, timeless and iconic design","signature, watermark, ugly, off-center, deformed, cropped, frame, worst quality, low quality, lowres, JPEG artifacts"
Design | Magazine Layout,"Magazine layout design style, visually appealing and well-organized layout, professional-grade execution, effectively showcases content and articles, enhances reader experience","signature, watermark, ugly, off-center, deformed, cropped, frame, worst quality, low quality, lowres, JPEG artifacts"
Design | Menu,"Menu design style, visually appealing and informative menu, professional-grade execution, effectively presents food and beverage options, enhances dining experience","signature, watermark, ugly, off-center, deformed, cropped, frame, worst quality, low quality, lowres, JPEG artifacts"
Design | Packaging,"Packaging Design, Brand Identity, Visual Communication, Product Presentation, Consumer Appeal, structural integrity, graphic elements, brand recognition, marketing impact, professional design","signature, watermark, ugly, off-center, deformed, cropped, frame, worst quality, low quality, lowres, JPEG artifacts"
Design | Poster,"Poster design style, poster art, visually striking and informative poster, professional-grade execution, poster graphic design","signature, watermark, ugly, off-center, deformed, cropped, frame, worst quality, low quality, lowres, JPEG artifacts"
Design | Website,"Website design style, web page, user-friendly interface, visually appealing layout, professional-grade execution, responsive design, enhances user experience and engagement","signature, watermark, ugly, off-center, deformed, cropped, frame, worst quality, low quality, lowres, JPEG artifacts"
||| FASHION,"Mainstream fashion, reflects current trends and styles, easily accessible to the general public, stylish","signature, watermark, ugly, off-center, deformed, cropped, worst quality, low quality, lowres, JPEG artifacts"
Fashion | Beachwear,"Beachwear fashion style, designed for leisure activities and relaxation, features lightweight and breezy clothing, reflects a carefree and laid-back attitude","signature, watermark, low quality, JPEG artifacts, off-center, deformed, cropped, worst quality"
Fashion | Bikini,"Bikini fashion style, bikini, reflects a sense of freedom and liberation","signature, watermark, low quality, JPEG artifacts, off-center, deformed, cropped, worst quality"
Fashion | Boho,"Boho fashion style, inspired by bohemian and hippie aesthetics, characterized by free-spirited and eclectic clothing choices, features flowing fabrics, floral prints, and ethnic-inspired details, promotes individuality and self-expression, embraces a laid-back and carefree attitude","signature, watermark, low quality, JPEG artifacts, off-center, deformed, cropped, worst quality"
Fashion | Cosplay,"Cosplay fashion style, allows individuals to embody their favorite fictional characters, promotes creativity and craftsmanship, features elaborate costumes and accessories, celebrates diverse interests and fandoms","signature, watermark, low quality, JPEG artifacts, off-center, deformed, cropped, worst quality"
Fashion | Cyberpunk,"Cyberpunk fashion style, inspired by futuristic dystopian settings, features high-tech and futuristic clothing, incorporates elements of technology and urban culture, promotes a bold and avant-garde aesthetic","signature, watermark, low quality, JPEG artifacts, off-center, deformed, cropped, worst quality"
Fashion | Emo Fashion,"Emo fashion style, characterized by dark colors, layered clothing, and edgy accessories, allows individuals to express emotions and individuality, often incorporates elements of punk and gothic styles, promotes self-expression and authenticity","signature, watermark, low quality, JPEG artifacts, off-center, deformed, cropped, worst quality"
Fashion | Glamour,"Glamour fashion style, epitomizes sophistication and elegance, features luxurious fabrics like silk and satin, embellishments, promotes a polished and glamorous look, opulence and refinement","signature, watermark, low quality, JPEG artifacts, off-center, deformed, cropped, worst quality"
Fashion | Goth,"Goth fashion style, characterized by dark and dramatic clothing choices, often includes black clothing, lace, leather, and Victorian-inspired elements, promotes a sense of mystery and theatricality, celebrates beauty in the macabre, encourages self-expression and embracing the unconventional","signature, watermark, low quality, JPEG artifacts, off-center, deformed, cropped, worst quality"
Fashion | Metalhead,"Metalhead fashion style, inspired by heavy metal music culture, features black clothing, leather jackets, band t-shirts, and metal accessories, promotes individuality and rebellion, celebrates a love for music and expression through clothing","signature, watermark, low quality, JPEG artifacts, off-center, deformed, cropped, worst quality"
Fashion | Normcore,"Normcore fashion style, embraces simplicity and everyday clothing items, focuses on comfort and practicality, promotes a minimalist and unpretentious aesthetic, encourages mixing and matching basic wardrobe staples, celebrates understated elegance and timeless style","signature, watermark, low quality, JPEG artifacts, off-center, deformed, cropped, worst quality"
Fashion | Preppy,"Preppy fashion style, characterized by classic and timeless clothing choices, features tailored silhouettes, vibrant colors, and traditional patterns like plaid and stripes, promotes a polished and sophisticated look, reflects a sense of privilege and tradition associated with elite education","signature, watermark, low quality, JPEG artifacts, off-center, deformed, cropped, worst quality"
Fashion | Psychobilly,"Psychobilly fashion style, combines elements of rockabilly, punk, and retro influences, characterized by bold prints, vintage-inspired clothing, and edgy accessories, promotes a rebellious and retro aesthetic, encourages individuality and creativity","signature, watermark, low quality, JPEG artifacts, off-center, deformed, cropped, worst quality"
Fashion | Rave,"Rave fashion style, vibrant and colorful clothing choices, featuring neon colors, bold patterns, and futuristic designs, encourages self-expression and creativity, incorporates elements of dance culture and electronic music, promotes a sense of community and celebration","signature, watermark, low quality, JPEG artifacts, off-center, deformed, cropped, worst quality"
Fashion | Sci-Fi,"Sci-Fi Inspired fashion style, draws inspiration from science fiction movies, and futurism, features futuristic silhouettes, and avant-garde designs, promotes imagination and innovation in fashion, explores concepts of technology","signature, watermark, low quality, JPEG artifacts, off-center, deformed, cropped, worst quality"
Fashion | Sexy,"Sexy fashion style, embraces sensuality and confidence, beauty, allure, reflects a bold and seductive attitude","signature, watermark, low quality, JPEG artifacts, off-center, deformed, cropped, worst quality"
Fashion | Sportswear,"Sportswear fashion style, designed for athletic activities and casual wear, features comfortable and functional clothing, and performance fabrics, promotes an active lifestyle and physical fitness","signature, watermark, low quality, JPEG artifacts, off-center, deformed, cropped, worst quality"
Fashion | Steampunk,"Steampunk fashion style, inspired by Victorian-era machinery and science fiction, features a mix of vintage clothing with futuristic elements, promotes creativity and craftsmanship, encourages DIY and upcycling, celebrates a love for exploration and adventure","signature, watermark, low quality, JPEG artifacts, off-center, deformed, cropped, worst quality"
Fashion | Streetwear,"Streetwear fashion style, influenced by urban culture and street fashion, features casual and comfortable clothing with bold graphics, promotes self-expression and individuality, celebrates creativity and innovation in design, reflects the diverse influences of music, art, and sports","signature, watermark, low quality, JPEG artifacts, off-center, deformed, cropped, worst quality"
Fashion | Vintage,"Vintage fashion style, embraces clothing and accessories from previous eras, celebrates timeless designs and craftsmanship, allows for unique and one-of-a-kind looks, evokes nostalgia and a sense of history","signature, watermark, low quality, JPEG artifacts, off-center, deformed, cropped, worst quality"
Fashion | Winter,"Winter fashion style, designed for cold weather, features cozy and warm clothing, comfort and chicness","signature, watermark, low quality, JPEG artifacts, off-center, deformed, cropped, worst quality"
||| ART STYLES,art style,"ugly, off-center, deformed, 35mm film, dslr, cropped, frame, signature, watermark, worst quality, low quality, lowres, JPEG artifacts"
ART | African Traditional,"African traditional art style, bold patterns, vibrant colors, intricate designs, dynamic compositions, cultural heritage, adds richness and depth","signature, watermark, photo, photorealistic, realism, ugly, off-center, deformed, 35mm film, dslr, cropped, frame, worst quality, low quality, lowres, JPEG artifacts"
ART | Afrofuturism Art,"Afrofuturism art style, blend of African culture and aesthetics with futuristic elements, reimagines history and imagines alternative futures, black identity, creativity, and resilience","Signature, watermark, ugly, off-center, deformed, cropped, frame, worst quality, low quality, lowres, JPEG artifacts"
ART | Ancient Egyptian Mural,"Ancient Egyptian mural art style, rich cultural heritage, intricate hieroglyphics, vibrant colors, symbolic motifs, depicts scenes from mythology, religion, and daily life, monumental scale, timeless beauty","Signature, watermark, ugly, off-center, deformed, cropped, frame, worst quality, low quality, lowres, JPEG artifacts"
ART | Atompunk,"Atompunk art style, retro-futuristic, atomic age aesthetics, sleek and streamlined designs, nuclear energy motifs, optimism about technological progress","signature, watermark, ugly, off-center, deformed, cropped, frame, worst quality, low quality, lowres, JPEG artifacts"
ART | Baroque,"Baroque art style, dynamic composition, dramatic lighting, rich colors, intricate details, professional-grade execution, captures the grandeur and theatricality of the Baroque period","signature, watermark, ugly, off-center, deformed, cropped, frame, worst quality, low quality, lowres, JPEG artifacts"
ART | Biomechanical,"Biomechanical art style, Biology, Machinery, Intricate, Surreal, Organic Forms, Mechanical Structures, Futuristic, Cyberpunk, Fusion, Nature, Technology","signature, watermark, ugly, off-center, deformed, cropped, frame, worst quality, low quality, lowres, JPEG artifacts"
ART | Biopunk,"Biopunk art style, explores genetic engineering, biohacking, and biotechnology, organic and living elements, dystopian or utopian visions of a genetically modified future","signature, watermark, ugly, off-center, deformed, cropped, frame, worst quality, low quality, lowres, JPEG artifacts"
ART | Byzantine Icon,"Byzantine icon oil painting art style, intricate details, rich colors, religious symbolism, cultural significance, professional-grade execution, spiritual, religious","signature, watermark, photo, photorealistic, realism, ugly, off-center, deformed, 35mm film, dslr, cropped, frame, worst quality, low quality, lowres, JPEG artifacts"
ART | Cartoon,"cartoon art style, whimsical character, exaggerated features, vibrant colors, dynamic composition, expressive pose, professional-grade finish, adds humor and charm","signature, watermark, photo, photorealistic, realism, ugly, off-center, deformed, 35mm film, dslr, cropped, frame, worst quality, low quality, lowres, JPEG artifacts"
ART | Claymation,"Claymation art style, tactile and three-dimensional character, dynamic animation, captures the charm and whimsy of stop-motion animation, suitable for various storytelling and advertising","signature, watermark, ugly, off-center, deformed, cropped, frame, worst quality, low quality, lowres, JPEG artifacts"
ART | Comic Book Style,"comic book art style, comics, dynamic lines, vibrant colors, expressive characters, action-packed composition, adds energy and excitement","signature, watermark, photo, photorealistic, realism, ugly, off-center, deformed, 35mm film, dslr, cropped, frame, worst quality, low quality, lowres, JPEG artifacts"
ART | Constructivism,"Constructivism Art Style, Industrial materials, geometric abstraction, social purposes, modernity, functional art, the machine age and collective labor, fosters innovation and collaboration","signature, watermark, ugly, off-center, deformed, cropped, frame, worst quality, low quality, lowres, JPEG artifacts"
ART | Cubism,"cubism art style, fragmented forms, geometric shapes, dynamic compositions, vibrant colors, innovative technique, cultural significance","signature, watermark, photo, photorealistic, realism, ugly, off-center, deformed, 35mm film, dslr, cropped, frame, worst quality, low quality, lowres, JPEG artifacts"
ART | Cybergoth Art,"Cybergoth art style, futuristic and edgy aesthetic, combines cyberpunk and gothic elements, neon colors, industrial motifs, alternative fashion and culture","Signature, watermark, ugly, off-center, deformed, cropped, frame, worst quality, low quality, lowres, JPEG artifacts"
ART | Cyberpunk,"Cyberpunk art style, futuristic cityscapes, neon-lit streets, high-tech and low-life, cybernetic enhancements, dystopian and gritty atmosphere","signature, watermark, ugly, off-center, deformed, cropped, frame, worst quality, low quality, lowres, JPEG artifacts"
ART | Dadaism,"Dadaism Art Style, Anti-art, absurdity, irony, spontaneity, rejecting conventional aesthetics, collage art","signature, watermark, ugly, off-center, deformed, cropped, frame, worst quality, low quality, lowres, JPEG artifacts"
ART | Dark Academia,"Dark Academia art style, evokes the atmosphere of scholarly pursuits and literary classics, rich and moody color palettes, intricate details","signature, watermark, ugly, off-center, deformed, cropped, frame, worst quality, low quality, lowres, JPEG artifacts"
ART | Deco,"Art Deco style, Symmetry, streamlined shapes, geometric patterns, luxury, modernity, glamour, sleek lines","signature, watermark, ugly, off-center, deformed, cropped, frame, worst quality, low quality, lowres, JPEG artifacts"
ART | Dieselpunk,"Dieselpunk art style, retro-futuristic, industrial aesthetics, mechanical marvels, alternative history, gritty and dystopian atmosphere","signature, watermark, ugly, off-center, deformed, cropped, frame, worst quality, low quality, lowres, JPEG artifacts"
ART | Egyptian,"Egyptian art style, iconic symbolism, intricate hieroglyphics, dynamic composition, Egyptian cultural significance","signature, watermark, ugly, off-center, deformed, cropped, frame, worst quality, low quality, lowres, JPEG artifacts"
ART | Futurism,"Futurism art style, dynamic composition, bold geometric forms, vibrant colors, captures the spirit of technological advancement and modernity","signature, watermark, photo, photorealistic, realism, ugly, off-center, deformed, 35mm film, dslr, cropped, frame, worst quality, low quality, lowres, JPEG artifacts"
ART | Gilded,"Gilded art style, opulent, luxurious, metallic elements, divine symbolism, fine craftsmanship","signature, watermark, ugly, off-center, deformed, cropped, frame, worst quality, low quality, lowres, JPEG artifacts"
ART | Glitch,"Glitch art style, embraces digital errors and glitches, distorted and fragmented imagery, experimental and abstract, challenges traditional notions of perfection and beauty","Signature, watermark, ugly, off-center, deformed, cropped, frame, worst quality, low quality, lowres, JPEG artifacts"
ART | Gothic,"Gothic art style, gothic details, dramatic compositions, rich symbolism","signature, watermark, ugly, off-center, deformed, cropped, frame, worst quality, low quality, lowres, JPEG artifacts"
ART | Interstellar,"Interstellar art style, Cosmic, Space, Celestial, Galactic, Nebulae, Stars, Planets, Exploration, Unknown, Infinity, Futuristic","signature, watermark, ugly, off-center, deformed, cropped, frame, worst quality, low quality, lowres, JPEG artifacts"
ART | Japanese Traditional,"Japanese traditional art style, delicate lines, subtle colors, intricate details, dynamic compositions, cultural heritage, adds elegance and sophistication","signature, watermark, photo, photorealistic, realism, ugly, off-center, deformed, 35mm film, dslr, cropped, frame, worst quality, low quality, lowres, JPEG artifacts"
ART | Linocut,"Linocut art style, relief printing, bold and graphic imagery with striking contrasts","signature, watermark, photo, photorealistic, realism, ugly, off-center, deformed, 35mm film, dslr, cropped, frame, worst quality, low quality, lowres, JPEG artifacts"
ART | Lucha Libre,"Lucha libre art style, dynamic and colorful compositions, exaggerated characters, captures the excitement and energy of Mexican wrestling culture","signature, watermark, photo, photorealistic, realism, ugly, off-center, deformed, 35mm film, dslr, cropped, frame, worst quality, low quality, lowres, JPEG artifacts"
ART | Mayan,"Mayan art style, rich cultural heritage, intricate geometric patterns, mayan colors, reflects the spiritual and artistic achievements of the Maya civilization","signature, watermark, ugly, off-center, deformed, cropped, frame, worst quality, low quality, lowres, JPEG artifacts"
ART | Minoan,"Minoan art style, dynamic composition, Minoan cultural significance, adds depth and richness","signature, watermark, ugly, off-center, deformed, cropped, frame, worst quality, low quality, lowres, JPEG artifacts"
ART | Naive,"Naive art style, simplistic and childlike aesthetic, spontaneous and untrained, captures innocence and purity, features bold colors, exaggerated perspectives, and whimsical themes","signature, watermark, photo, photorealistic, realism, ugly, off-center, deformed, 35mm film, dslr, cropped, frame, worst quality, low quality, lowres, JPEG artifacts"
ART | Necropunk,"Necropunk art style, dark and macabre, blending of death and technology, eerie and unsettling imagery, explores themes of mortality and decay, unique and thought-provoking concepts","signature, watermark, ugly, off-center, deformed, cropped, frame, worst quality, low quality, lowres, JPEG artifacts"
ART | Nouveau,"Art Nouveau art style, elegant and organic forms, intricate floral motifs, flowing lines, decorative and ornate, influenced architecture, design, and visual arts in the late 19th and early 20th centuries","Signature, watermark, ugly, off-center, deformed, cropped, frame, worst quality, low quality, lowres, JPEG artifacts"
ART | Pixel Art,"pixel art style, pixelated design, flat, uses pixelated graphics reminiscent of classic video games, charming simplicity, intricate detailing despite limited resolution","signature, watermark, photo, photorealistic, realism, ugly, off-center, deformed, 35mm film, dslr, cropped, frame, worst quality, low quality, JPEG artifacts"
ART | Pop Art,"Pop art style, vibrant colors, bold outlines, use of popular culture imagery, iconic and recognizable, consumerism and mass media","signature, watermark, photo, photorealistic, realism, ugly, off-center, deformed, 35mm film, dslr, cropped, frame, worst quality, low quality, JPEG artifacts"
ART | Propaganda,"propaganda art style, bold and persuasive imagery, dynamic compositions, serves as a powerful tool for communication and persuasion","signature, watermark, photo, photorealistic, realism, ugly, off-center, deformed, 35mm film, dslr, cropped, frame, worst quality, low quality, lowres, JPEG artifacts"
ART | Psychedelic,"Psychedelic art style, vibrant and surreal imagery, kaleidoscopic patterns, intense colors, mind-expanding and hallucinatory, reflects the psychedelic experience and counterculture movement","signature, watermark, photo, photorealistic, realism, ugly, off-center, deformed, 35mm film, dslr, cropped, frame, worst quality, low quality, lowres, JPEG artifacts"
ART | Rococo,"Rococo art style, ornate, light-hearted, elegant, decorative, playful subjects, asymmetrical designs","signature, watermark, ugly, off-center, deformed, cropped, frame, worst quality, low quality, lowres, JPEG artifacts"
ART | Solarpunk,"Solarpunk art style, optimistic vision of the future, sustainable technology, renewable energy sources, lush and green landscapes, community and harmony with nature","signature, watermark, ugly, off-center, deformed, cropped, frame, worst quality, low quality, lowres, JPEG artifacts"
ART | Stencil,"Street Art, Urban setting, graffiti, murals, social messages, public spaces, anonymity, vibrant visuals","signature, watermark, ugly, off-center, deformed, cropped, frame, worst quality, low quality, lowres, JPEG artifacts"
ART | Street Art,"Stencil art style, urban and contemporary, graphic and bold imagery","signature, watermark, photo, photorealistic, realism, ugly, off-center, deformed, 35mm film, dslr, cropped, frame, worst quality, low quality, lowres, JPEG artifacts"
ART | Steampunk,"Steampunk art style, Victorian-era aesthetics, steam-powered machinery, brass and gears, fantastical inventions, retro-futuristic adventure","signature, watermark, ugly, off-center, deformed, cropped, frame, worst quality, low quality, lowres, JPEG artifacts"
ART | Surrealism,"Surrealism art style, dreamlike and irrational imagery, explores the unconscious mind, juxtaposition of unlikely elements, challenges reality and logic","signature, watermark, ugly, off-center, deformed, cropped, frame, worst quality, low quality, lowres, JPEG artifacts"
ART | Synthwave,"Synthwave art style, retro-futuristic aesthetic, vibrant neon colors, nostalgic 80s imagery, futuristic landscapes, nostalgic and atmospheric","Signature, watermark, ugly, off-center, deformed, cropped, frame, worst quality, low quality, lowres, JPEG artifacts"
ART | Ukrainian Folk Art,"Ukrainian folk art style, vibrant colors, intricate patterns, dynamic compositions, traditional motifs, cultural heritage, adds richness and depth","signature, watermark, photo, photorealistic, realism, ugly, off-center, deformed, 35mm film, dslr, cropped, frame, worst quality, low quality, lowres, JPEG artifacts"
ART | Vaporwave,"Vaporwave art style, nostalgic and surreal aesthetic, 80s and 90s retro imagery, glitch art elements, pastel colors, dreamy and ethereal atmosphere","Signature, watermark, ugly, off-center, deformed, cropped, frame, worst quality, low quality, lowres, JPEG artifacts"
ART | Westernpunk,"Westernpunk art style, fusion of Wild West and futuristic elements, rugged landscapes, cowboy aesthetics, steam-powered technology, adventurous spirit","signature, watermark, ugly, off-center, deformed, cropped, frame, worst quality, low quality, lowres, JPEG artifacts"
||| CRAFTS,Craft art style,"signature, watermark, ugly, off-center, deformed, cropped, worst quality, low quality, lowres, JPEG artifacts"
Craft | Ceramic,"Ceramic craft style, versatile and durable, pottery and ceramic artwork, showcases creativity and craftsmanship","signature, watermark, ugly, off-center, deformed, cropped, worst quality, low quality, lowres, JPEG artifacts"
Craft | Ceramic > Cibulak,"Cibulak porcelain art style, delicate and intricately detailed porcelain creations, traditional Kazakh craftsmanship, exquisite hand-painted designs, cultural heritage preservation","signature, watermark, ugly, off-center, deformed, cropped, worst quality, low quality, lowres, JPEG artifacts"
Craft | Ceramic > Glass,"Ceramic glass craft style, combines ceramic and glass materials to create unique and innovative artwork, offers versatility in texture and transparency, allows for experimentation with light and color","signature, watermark, ugly, off-center, deformed, cropped, worst quality, low quality, lowres, JPEG artifacts"
Craft | Ceramic > Moche,"Moche craft style, ancient Peruvian civilization known for its intricate ceramic vessels and figurines, rich cultural and artistic heritage, showcases advanced craftsmanship and artistic skill","signature, watermark, ugly, off-center, deformed, cropped, worst quality, low quality, lowres, JPEG artifacts"
Craft | Ceramic > Porcelain,"Ceramic porcelain craft style, utilizes porcelain clay to create delicate and translucent artworks, smooth texture and white color, allows for intricate detailing and precise forms","signature, watermark, ugly, off-center, deformed, cropped, worst quality, low quality, lowres, JPEG artifacts"
Craft | Crochet,"Crochet craft style, versatile and creative, yarn","signature, watermark, ugly, off-center, deformed, cropped, worst quality, low quality, lowres, JPEG artifacts"
Craft | Crochet > Amigurumi,"Amigurumi crochet style, Japanese art, cute and whimsical designs, fosters creativity and handcrafting skills","signature, watermark, ugly, off-center, deformed, cropped, worst quality, low quality, lowres, JPEG artifacts"
Craft | Cross-stitching,"Cross-stitching art style, traditional and timeless craft, precise and meticulous stitching technique, intricate and decorative piece","signature, watermark, ugly, off-center, deformed, cropped, worst quality, low quality, lowres, JPEG artifacts"
Craft | Embossed,"Embossed art style, raised and textured surfaces, adds depth and dimension to artwork, tactile and interactive","signature, watermark, ugly, off-center, deformed, cropped, worst quality, low quality, lowres, JPEG artifacts"
Craft | Embroidery,"Embroidery art style, decorative designs on fabric, intricate stitching techniques, adds texture and dimension to artwork","signature, watermark, ugly, off-center, deformed, cropped, worst quality, low quality, lowres, JPEG artifacts"
Craft | Felt,"Felt art style, tactile and textural, intricate detailing and layering","signature, watermark, ugly, off-center, deformed, cropped, worst quality, low quality, lowres, JPEG artifacts"
Craft | Gobelin Tapestry,"Gobelin tapestry art style, intricate woven designs, rich colors and textures","signature, watermark, ugly, off-center, deformed, cropped, worst quality, low quality, lowres, JPEG artifacts"
Craft | Kirigami,"Kirigami art style, combines paper cutting with origami folding techniques, creates intricate and dynamic paper sculptures, encourages creativity and precision","signature, watermark, ugly, off-center, deformed, cropped, worst quality, low quality, lowres, JPEG artifacts"
Craft | Knitting Art,"Knitting art style, fabric and patterns, intricate designs and textures","signature, watermark, ugly, off-center, deformed, cropped, worst quality, low quality, lowres, JPEG artifacts"
Craft | Lapidary,"Lapidary art style, intricate and precise craftsmanship in cutting and polishing gemstones, creates dazzling and unique pieces of jewelry and sculpture, showcases the natural beauty of mineral","signature, watermark, ugly, off-center, deformed, cropped, worst quality, low quality, lowres, JPEG artifacts"
Craft | Laser Engraving Wood,"Laser engraving art style, precise and detailed engraving on plywood, allows for intricate designs and patterns, modern and versatile technique, flat, wood engraving art","signature, watermark, ugly, off-center, deformed, cropped, worst quality, low quality, lowres, JPEG artifacts"
Craft | Leatherworking,"Leatherworking art style, craftsmanship of creating designs and patterns on leather, carving, stamping, and dyeing techniques","signature, watermark, ugly, off-center, deformed, cropped, worst quality, low quality, lowres, JPEG artifacts"
Craft | Macrame,"Macrame art style, uses knotting techniques to create textiles or decorative items, versatile and tactile craft, allows for intricate patterns and designs","signature, watermark, ugly, off-center, deformed, cropped, worst quality, low quality, lowres, JPEG artifacts"
Craft | Marquetry,"Marquetry art style, intricate wood inlay technique, creates decorative patterns and images using veneers of different woods, showcases craftsmanship and attention to detail","signature, watermark, ugly, off-center, deformed, cropped, worst quality, low quality, lowres, JPEG artifacts"
Craft | Metalwork,"Metalwork art style, manipulation of metal to create sculptures, showcases craftsmanship and technical skill, intricate and durable designs","signature, watermark, ugly, off-center, deformed, cropped, worst quality, low quality, lowres, JPEG artifacts"
Craft | Mosaic,"mosaic art style, versatile and decorative, uses small pieces of tile, adds color and texture, glossy, sharp","worst quality, blurry, normal quality, signature, watermark, ugly, off-center, deformed, cropped, worst quality, low quality, lowres, JPEG artifacts, low details, bad photo, bad photography, bad art"
Craft | Mosaic > Roman,"Roman mosaic art style, intricate and colorful mosaic designs, depict scenes from mythology, daily life, and nature, showcases superb craftsmanship and attention to detail, cultural and historical significance","signature, watermark, ugly, off-center, deformed, cropped, worst quality, low quality, lowres, JPEG artifacts"
Craft | Needlepoint,"Needlepoint art style, needlepoint intricate and detailed design created through stitching, rich texture and depth, intricate patterns and color variations, fosters creativity and craftsmanship","signature, watermark, ugly, off-center, deformed, cropped, worst quality, low quality, lowres, JPEG artifacts"
Craft | Origami,"Origami art style, traditional Japanese paper folding technique, creates intricate sculptures and designs from paper","signature, watermark, ugly, off-center, deformed, cropped, worst quality, low quality, lowres, JPEG artifacts"
Craft | Paper Cut,"minimalist Paper cut craft style, designs cut from paper, allows for detailed and delicate artwork","signature, watermark, ugly, off-center, deformed, cropped, worst quality, low quality, lowres, JPEG artifacts"
Craft | Plasticine,"Plasticine art style, malleable and colorful modeling material, ideal for sculpting and creating 3D artwork","signature, watermark, ugly, off-center, deformed, cropped, worst quality, low quality, lowres, JPEG artifacts"
Craft | Pyrography,"Pyrography art style, uses heat to burn designs onto wood, creates intricate and permanent markings, showcases craftsmanship and attention to detail","signature, watermark, ugly, off-center, deformed, cropped, worst quality, low quality, lowres, JPEG artifacts"
Craft | Quilted,"Quilted art style, combines fabric and stitching to create intricate designs and patterns, reflects cultural traditions and personal stories, tactile and cozy, showcases craftsmanship and creativity","signature, watermark, ugly, off-center, deformed, cropped, worst quality, low quality, lowres, JPEG artifacts"
Craft | Scrapbooking,"Scrapbooking art style, creative arrangement of photographs, memorabilia, and decorative elements in albums or displays, preserves memories and tells stories","signature, watermark, ugly, off-center, deformed, cropped, worst quality, low quality, lowres, JPEG artifacts"
Craft | Sculpture,"Sculpture craft style, three-dimensional art form, allows for the creation of expressive and tactile works using various materials , embodies creativity and artistic vision","signature, watermark, ugly, off-center, deformed, cropped, worst quality, low quality, lowres, JPEG artifacts"
Craft | Sculpture > Bronze,"Bronze sculpture craft style, utilizes bronze as the primary material for creating three-dimensional artworks, known for its durability and timeless beauty, allows for intricate detailing and expressive forms","signature, watermark, ugly, off-center, deformed, cropped, worst quality, low quality, lowres, JPEG artifacts"
Craft | Sculpture > Alebrije,"Alebrije sculpture style, vibrant and fantastical Mexican folk art, intricate and whimsical animal figures, handcrafted, celebrates creativity and imagination","signature, watermark, ugly, off-center, deformed, cropped, worst quality, low quality, lowres, JPEG artifacts"
Craft | Sculpture > Bas-relief,"Bas-relief art style, sculptural technique where figures or designs are raised slightly from the background, creates depth and texture","signature, watermark, ugly, off-center, deformed, cropped, worst quality, low quality, lowres, JPEG artifacts"
Craft | Sculpture > Clay,"Clay sculpture craft style, utilizes clay as the primary material for creating three-dimensional artworks, allows for versatile shaping and modeling technique","signature, watermark, ugly, off-center, deformed, cropped, worst quality, low quality, lowres, JPEG artifacts"
Craft | Sculpture > Haniwa,"Haniwa craft style, ancient Japanese burial sculptures, simplistic and stylized figure, cultural and historical significance, preserves traditional craftsmanship and artistry","signature, watermark, ugly, off-center, deformed, cropped, worst quality, low quality, lowres, JPEG artifacts"
Craft | Sculpture > Jade,"Jade sculpture craft style, utilizes jade as the primary material for creating three-dimensional artworks, esteemed for its beauty and cultural significance, allows for intricate carving and sculpting techniques","signature, watermark, ugly, off-center, deformed, cropped, worst quality, low quality, lowres, JPEG artifacts"
Craft | Sculpture > Marble,"Marble sculpture craft style, utilizes marble as the primary material for creating three-dimensional artworks, renowned for its elegance and beauty, allows for intricate detailing and smooth finishes, timeless and enduring","signature, watermark, ugly, off-center, deformed, cropped, worst quality, low quality, lowres, JPEG artifacts"
Craft | Sculpture > Netsuke,"Netsuke craft style, traditional Japanese miniature sculpture, intricately carved and detailed, functional and decorative, reflects Japanese culture and craftsmanship","signature, watermark, ugly, off-center, deformed, cropped, worst quality, low quality, lowres, JPEG artifacts"
Craft | Sculpture > Olmec,"Olmec craft style, ancient Mesoamerican art tradition, iconic stone sculpture and figurine, rich cultural heritage, significant influence on subsequent civilizations","signature, watermark, ugly, off-center, deformed, cropped, worst quality, low quality, lowres, JPEG artifacts"
Craft | Sculpture > Gold,"Gold sculpture craft style, utilizes gold as the primary material for creating three-dimensional artworks, embodies luxury and opulence, allows for intricate detailing and fine craftsmanship","signature, watermark, ugly, off-center, deformed, cropped, worst quality, low quality, lowres, JPEG artifacts"
Craft | Sculpture > Sand,"Sand sculpture art style, temporary and ephemeral art form created by shaping and carving sand, showcases creativity and skill","signature, watermark, ugly, off-center, deformed, cropped, worst quality, low quality, lowres, JPEG artifacts"
Craft | Sculpture > Stone,"Stone sculpture craft style, utilizes stone as the primary material for creating three-dimensional artworks, allows for intricate carving and sculpting techniques, durable and long-lasting, embodies strength and solidity","signature, watermark, ugly, off-center, deformed, cropped, worst quality, low quality, lowres, JPEG artifacts"
Craft | Sculpture > Wood,"Wooden sculpture craft style, utilizes wood as the primary material for creating three-dimensional artworks, showcases the natural beauty and texture of wood, allows for intricate detailing and expressive forms","signature, watermark, ugly, off-center, deformed, cropped, worst quality, low quality, lowres, JPEG artifacts"
Craft | Sculpture > Wood Carving,"Wood carving art style, sculptural technique that involves carving wood to create three-dimensional forms, showcases craftsmanship and precision","signature, watermark, ugly, off-center, deformed, cropped, worst quality, low quality, lowres, JPEG artifacts"
Craft | Shadowbox > Paper,"3D papercut shadowbox art style, intricate paper cutting technique to create layered scenes or designs, plays with light and shadow, adds depth and dimensionality to artwork, depth, silhouette","signature, watermark, ugly, off-center, deformed, cropped, worst quality, low quality, lowres, JPEG artifacts"
Craft | Shadowbox > Wood,"cat, 3D wood shadowbox art style, layers of wood cut and assembled to create dimensional scenes or designs, natural textures and tones, adds warmth and depth to artwork, depth, silhouette","signature, watermark, ugly, off-center, deformed, cropped, worst quality, low quality, lowres, JPEG artifacts"
Craft | 3D Layered Plywood Wall Art,"3D plywood laser cut, symmetrical, 3D layered wood wall art style, stacked layers made from plywood, laser cut, on white painted wall, stacked, 3d layered, minimalist, layered, dimensional, depth, silhouette, shadow, handmade, high contrast","painting, drawing, photo, 2D, flat, high detail, blurry, noisy, disfigured, complex, intricate, signature, watermark, ugly, off-center, deformed, cropped, worst quality, low quality, lowres, JPEG artifacts"
Craft | Stained Glass,"Stained glass art style, vitrail, isolated on solid color background, vibrant colors, intricate patterns, luminous effects when hit by sunlight, traditional craftsmanship, flat","signature, watermark, ugly, off-center, deformed, cropped, worst quality, low quality, lowres, JPEG artifacts, 3d"
Craft | Tapestry,"Tapestry art style, woven textile technique, intricate designs and patterns","signature, watermark, ugly, off-center, deformed, cropped, worst quality, low quality, lowres, JPEG artifacts, 3d"
Style: Cinematic,"cinematic film still {prompt} . shallow depth of field, vignette, highly detailed, high budget Hollywood movie, bokeh, cinemascope, moody, epic, gorgeous, film grain, grainy","anime, cartoon, graphic, text, painting, crayon, graphite, abstract, glitch, deformed, mutated, ugly, disfigured"
Style: Space art,"galactic style {prompt} . nebula, constellation, cosmic, celestial, highly detailed, starry","blurry, grainy, deformed, photo-realistic, low-contrast, terrestrial"
Style: Street art,"urban graffiti style {prompt} . vibrant, edgy, street art, underground, spray paint effect","clean, minimalistic, soft, gentle, blurry, off-center"
Style: Baroque,"Baroque art {prompt} . ornate, richly detailed, dramatic, high contrast, complex composition","minimalistic, low-contrast, blurry, deformed, modern, abstract"
Style: Abstract,"abstract {prompt} . imaginative, surreal, non-representational, dream-like","realistic, photo, literal, symmetrical, rigid"
Style: Pointillism,"pointillism art {prompt} . dots, dappled, stipples, highly detailed","smooth, blurry, photo-realistic, non-dotted"
Style: Impressionist,"impressionist painting {prompt} . soft edges, vibrant, loose brushwork, atmospheric, highly detailed","hard edges, muted colors, tight brushwork, non-atmospheric"
Style: Pop art,"pop art {prompt} . vibrant, mass culture, comic style, bold lines, ironic","soft, elegant, high culture, realistic, subtle lines"
Style: Minimalist,"minimalist design {prompt} . clean, simple, restrained, elegant","busy, complex, flamboyant, disfigured"
Style: Art Deco,"art deco {prompt} . opulent, lavish, ornate, symmetrical, geometric","minimalistic, simple, asymmetrical, organic"
Style: Cubist,"cubist {prompt} . abstract, geometric, fragmented, multiple perspectives","realistic, smooth, unbroken, single perspective"
Style: Dada,"dada style {prompt} . absurd, satirical, avant-garde, abstract","serious, traditional, conventional, realistic"
Style: Victorian,"Victorian style {prompt} . elegant, ornate, highly detailed, historical","modern, minimalist, low detail, contemporary"
Style: Art Nouveau,"art nouveau {prompt} . organic, curvilinear, decorative, highly detailed","geometric, straight lines, functional, low detail"
Style: Futuristic,"futuristic {prompt} . advanced, high-tech, sleek, modern","old, low-tech, chunky, historical"
Style: Medieval,"medieval style {prompt} . historical, ornate, religious, gothic","modern, simple, secular, minimalist"
Style: Industrial,"industrial style {prompt} . mechanical, robust, urban, gritty","natural, fragile, rural, clean"
Style: Vaporwave,"vaporwave style {prompt} . retro, neon, pixelated, nostalgic","modern, monochrome, high-resolution, forward-looking"
Style: Horror,"horror style {prompt} . dark, eerie, gothic, macabre","light, cheerful, minimalist, happy"
Style: Gothic,"gothic style {prompt} . dark, mysterious, intricate, moody","light, cheerful, simple, vibrant"
Style: Steampunk,"steampunk style {prompt} . retro, mechanical, detailed, Victorian","modern, digital, minimalist, contemporary"
Style: Retro,"retro style {prompt} . vintage, nostalgic, old-fashioned, highly detailed","modern, futuristic, forward-looking, low detail"
Style: Surrealist,"surrealist {prompt} . dream-like, bizarre, irrational, highly detailed","realistic, mundane, rational, low detail"
Style: Realism,"realism style {prompt} . lifelike, detailed, accurate, representational","abstract, simplistic, inaccurate, non-representational"
Style: Silhouette,"silhouette style {prompt} . minimalist, monochrome, stark, high contrast","detailed, multicolored, soft, low contrast"
Style: Collage,"collage style {prompt} . mixed media, assembled, eclectic, highly detailed","uniform, unvarying, minimalist, low detail"
Style: Watercolor,"watercolor {prompt} . soft, blended, transparent, fluid","hard, unblended, opaque, rigid"
Style: Calligraphy,"calligraphy {prompt} . elegant, flowing, ornate, highly detailed","plain, rigid, simple, low detail"
Style: Expressionist,"expressionist style {prompt} . emotional, intense, vibrant, highly detailed","emotionless, calm, muted, low detail"
Style: Fauvist,"fauvist style {prompt} . bold color, exaggerated, expressive, highly detailed","neutral color, realistic, restrained, low detail"
Style: Renaissance,"Renaissance style {prompt} . classical, humanistic, realistic, highly detailed","modern, abstract, unrealistic, low detail"
Style: Photorealistic,"photorealistic {prompt} . highly detailed, lifelike, precise, accurate","abstract, low detail, unrealistic, inaccurate"
Style: Symbolic,"symbolic style {prompt} . conceptual, representative, allegorical, highly detailed","literal, non-representative, factual, low detail"
Style: Avant-garde,"avant-garde style {prompt} . experimental, innovative, non-traditional","traditional, conventional, classic"
Style: Mosaic,"mosaic style {prompt} . fragmented, assembled, colorful, highly detailed","whole, unbroken, monochrome, low detail"
Style: Trompe l'oeil,"trompe l'oeil style {prompt} . deceptive, 3D effect, realistic, highly detailed","honest, 2D effect, unrealistic, low detail"
Style: Rococo,"rococo style {prompt} . ornate, playful, romantic, pastel, highly detailed","minimalistic, serious, unromantic, dark, low detail"
Style: Macabre,"macabre style {prompt} . dark, eerie, grotesque, highly detailed","light, cheerful, beautiful, low detail"
Style: Satirical,"satirical style {prompt} . humorous, ironic, exaggerated, critical","serious, literal, realistic, complimentary"
Style: Pixelated,"pixelated style {prompt} . retro, low-res, digital, blocky","modern, high-res, organic, smooth"
Style: Futurist,"futurist style {prompt} . dynamic, modern, mechanized, highly detailed","static, historical, organic, low detail"
Style: Primitive,"primitive style {prompt} . raw, simple, naive, highly detailed","refined, complex, sophisticated, low detail"
Style: Byzantine,"Byzantine style {prompt} . rich, ornate, religious, iconic, highly detailed","poor, simple, secular, non-iconic, low detail"
Style: Psychedelic,"psychedelic style {prompt} . vibrant, abstract, distorted, highly detailed","muted, realistic, undistorted, low detail"
Style: Suprematist,"suprematist style {prompt} . geometric, abstract, non-objective, simple","organic, realistic, objective, complex"
Style: Constructivist,"constructivist style {prompt} . industrial, geometric, political, highly detailed","organic, curvilinear, apolitical, low detail"
Style: De Stijl,"de Stijl style {prompt} . abstract, geometric, primary colors","organic, curvilinear, muted colors, black and white"
Style: Ukiyo-e,"ukiyo-e style {prompt} . woodblock print, vibrant, historical Japanese art, detailed","digital, muted, modern, Western"
Style: Dystopian,"dystopian style {prompt} . bleak, oppressive, futuristic, detailed","utopian, cheerful, historical, low detail"
Style: Biomechanical,"biomechanical style {prompt} . organic meets mechanical, alien, detailed, H.R. Giger-inspired","geometric, earthy, low detail, not H.R. Giger-inspired"
Style: Hyperrealism,"hyperrealistic style {prompt} . ultra-detailed, lifelike, precision, crisp","abstract, low detail, unrealistic, blurry"
Style: Glitch,"glitch style {prompt} . digital error, distorted, cyber, detailed","analog, undistorted, organic, low detail"
Style: Trompe-l'oeil,"trompe-l'oeil style {prompt} . optical illusion, lifelike, 3D effect, detailed","flat, 2D effect, unrealistic, low detail"
Style: Arabesque,"arabesque style {prompt} . geometric patterns, floral, Islamic art, detailed","chaotic, animalistic, non-Islamic art, low detail"
Style: Brutalist,"brutalist style {prompt} . raw, rugged, geometric, concrete, detailed","smooth, delicate, curvilinear, abstract, low detail"
Style: Chiaroscuro,"chiaroscuro style {prompt} . high contrast, dramatic lighting, detailed","low contrast, flat lighting, low detail"
Style: Tenebrism,"tenebrism style {prompt} . dark, dramatic illumination, high contrast, detailed","light, flat lighting, low contrast, low detail"
Style: Romantic,"romantic style {prompt} . emotional, dramatic, nature-focused, detailed","unemotional, flat, city-focused, low detail"
Style: Bauhaus,"bauhaus style {prompt} . functional, geometric, minimal, detailed","ornamental, curvilinear, maximal, low detail"
Style: Art brut,"art brut style {prompt} . raw, outsider art, naïve, detailed","refined, mainstream art, sophisticated, low detail"
Style: Metaphysical,"metaphysical style {prompt} . surreal, eerie, uncanny, detailed","realistic, comfortable, familiar, low detail"
Style: Neoplasticism,"neoplasticism style {prompt} . geometric, primary colors, black and white, abstract","organic, muted colors, colorful, realistic"
Style: Hard-edge,"hard-edge style {prompt} . geometric, flat colors, precision, detailed","organic, gradient colors, imprecise, low detail"
Style: Automatism,"automatism style {prompt} . unconscious, spontaneous, abstract, detailed","conscious, planned, realistic, low detail"
Style: Tachisme,"tachisme style {prompt} . gestural, abstract, spontaneous, detailed","controlled, realistic, planned, low detail"
Style: Lyrical abstraction,"lyrical abstraction style {prompt} . emotional, non-figurative, expressive, detailed","unemotional, figurative, restrained, low detail"
Style: Color field,"color field style {prompt} . flat, large fields of color, minimal, detailed","textured, small patches of color, maximal, low detail"
Style: Synthetism,"synthetism style {prompt} . simplified, symbolic, bright colors, detailed","complex, literal, muted colors, low detail"
Style: Cloisonnism,"cloisonnism style {prompt} . bold outlines, flat colors, decorative, detailed","soft outlines, gradient colors, functional, low detail"
Style: Assemblage,"assemblage style {prompt} . three-dimensional, found objects, eclectic, detailed","two-dimensional, traditional materials, uniform, low detail"
Style: Vorticism,"vorticism style {prompt} . geometric, abstract, dynamic, detailed","organic, realistic, static, low detail"
Style: Op art,"op art style {prompt} . optical illusions, geometric, black and white, detailed","no illusions, organic, colorful, low detail"
Style: Divisionism,"divisionism style {prompt} . color theory, dot technique, vibrant, detailed","black and white, smooth technique, muted, low detail"
Style: Kinetic art,"kinetic art style {prompt} . movement, dynamic, interactive, detailed","static, static, non-interactive, low detail"
Style: Orphism,"orphism style {prompt} . pure color, abstract, musical, detailed","mixed color, realistic, non-musical, low detail"
Style: Suprematism,"suprematism style {prompt} . geometric, abstract, limited color palette, detailed","organic, realistic, broad color palette, low detail"
Style: Letterism,"letterism style {prompt} . letters, typographic, abstract, detailed","images, non-typographic, realistic, low detail"
Style: Situationalist,"situationalist style {prompt} . political, collage, detournement, detailed","apolitical, single medium, straightforward, low detail"
Style: Sound art,"sound art style {prompt} . auditory, abstract, non-visual, detailed","visual, realistic, silent, low detail"
Style: Land art,"land art style {prompt} . natural materials, outdoor, environmental, detailed","synthetic materials, indoor, non-environmental, low detail"
Style: Photorealistic graffiti,"photorealistic graffiti style {prompt} . urban, street art, lifelike, detailed","rural, gallery art, abstract, low detail"
Style: Hypermodern,"hypermodern style {prompt} . postmodern, technology focused, sleek, detailed","premodern, nature focused, rustic, low detail"
Style: Virtual realism,"virtual realism style {prompt} . digital, lifelike, immersive, detailed","analog, abstract, non-immersive, low detail"
Style: Structural film,"structural film style {prompt} . experimental, non-narrative, texture, detailed","traditional, narrative, smooth, low detail"
Style: Process art,"process art style {prompt} . creation focused, ephemeral, documentation, detailed","result focused, permanent, no documentation, low detail"
Style: Light and space,"light and space style {prompt} . perceptual phenomena, immersive, minimal, detailed","solid objects, non-immersive, maximal, low detail"
Style: Post-internet,"post-internet style {prompt} . digital culture, technology, online, detailed","pre-internet, nature, offline, low detail"
Style: Bio-art,"bio-art style {prompt} . living organisms, ethical, natural, detailed","inorganic, unethical, synthetic, low detail"
Style: Byzantine (2),"Byzantine style {prompt} . religious, iconography, gold, highly detailed, mosaics","secular, simple, bronze, minimalist, paintings"
Style: Celtic,"Celtic style {prompt} . geometric patterns, intricate knots, medieval, highly detailed","random, simplistic, modern, undetailed"
Style: Native American,"Native American style {prompt} . traditional patterns, tribal, cultural symbols, highly detailed","modern, non-tribal, abstract, undetailed"
Style: Aboriginal,"Aboriginal style {prompt} . dot painting, Dreamtime stories, Australian culture, highly detailed","non-Australian, line drawing, abstract, undetailed"
Style: Egyptian,"Egyptian style {prompt} . hieroglyphs, gods and goddesses, Pharaohs, highly detailed","non-Egyptian, text-free, secular, undetailed"
Style: Mayan,"Mayan style {prompt} . glyphs, ancient civilization, detailed carvings, highly detailed","modern, non-Mayan, simplistic, undetailed"
Style: Renaissance (2),"Renaissance style {prompt} . humanism, realism, perspective, highly detailed","abstract, surreal, flat, undetailed"
Style: Mughal,"Mughal style {prompt} . Indian and Persian influence, miniature paintings, highly detailed","non-Indian, non-Persian, large-scale, undetailed"
Style: Romanesque,"Romanesque style {prompt} . medieval, religious, thick walls, highly detailed","modern, secular, transparent, undetailed"
Style: Gothic (2),"Gothic style {prompt} . medieval, pointed arches, stained glass, highly detailed","modern, round arches, clear glass, undetailed"
Style: Baroque (2),"Baroque style {prompt} . grandeur, drama, chiaroscuro, highly detailed","minimalist, calm, flat, undetailed"
Style: Rococo (2),"Rococo style {prompt} . ornate, pastel, love and nature themes, highly detailed","simple, dark, abstract, undetailed"
Style: Pre-Raphaelite,"Pre-Raphaelite style {prompt} . romantic, vivid color, medieval subjects, highly detailed","realistic, muted color, modern subjects, undetailed"
Style: Impressionist (2),"Impressionist style {prompt} . loose brushwork, light and color, ordinary subjects, highly detailed","tight brushwork, black and white, extraordinary subjects, undetailed"
Style: Cubist (2),"Cubist style {prompt} . geometric, multi-perspective, fragmented, highly detailed","organic, single perspective, whole, undetailed"
Style: Surrealist (2),"Surrealist style {prompt} . dreamlike, irrational, unexpected juxtapositions, highly detailed","realistic, rational, expected combinations, undetailed"
Style: Futurist (2),"Futurist style {prompt} . dynamic, technology, speed, highly detailed","static, nature, slow, undetailed"
Style: Dada (2),"Dada style {prompt} . absurd, anti-art, randomness, highly detailed","rational, pro-art, order, undetailed"
Style: Expressionist (2),"Expressionist style {prompt} . emotional, distorted, individual perspective, highly detailed","unemotional, realistic, collective perspective, undetailed"
Style: Fauvist (2),"Fauvist style {prompt} . bold color, wild brushwork, simplification, highly detailed","muted color, careful brushwork, detail, undetailed"
Style: Socialist Realist,"Socialist Realist style {prompt} . idealized, political, proletarian, highly detailed","realistic, apolitical, bourgeois, undetailed"
Style: Pop Art (2),"Pop Art style {prompt} . popular culture, advertising, bold, highly detailed","high art, non-commercial, muted, undetailed"
Style: Suprematism (2),"Suprematism style {prompt} . geometric, non-objective, primary colors, highly detailed","organic, objective, pastel colors, undetailed"
Style: Symbolist,"Symbolist style {prompt} . mythical, dreamy, spiritual, highly detailed","realistic, practical, secular, undetailed"
Style: Pre-Columbian,"Pre-Columbian style {prompt} . ancient Americas, native, cultural, highly detailed","modern, non-American, abstract, undetailed"
Style: Constructivist (2),"Constructivist style {prompt} . industrial, geometric, socialist, highly detailed","organic, round, capitalist, undetailed"
Style: Art Nouveau (2),"Art Nouveau style {prompt} . decorative, nature-inspired, curved lines, highly detailed","functional, geometric, straight lines, undetailed"
Style: Precisionist,"Precisionist style {prompt} . industrial, crisp, geometric, highly detailed","organic, blurry, round, undetailed"
Style: Neoclassical,"Neoclassical style {prompt} . ancient Rome and Greece, rational, heroic, highly detailed","modern, emotional, ordinary, undetailed"
Style: Persian Miniature,"Persian Miniature style {prompt} . Middle Eastern, intricate, storytelling, highly detailed","Western, simple, non-narrative, undetailed"
Style: Edo,"Edo style {prompt} . Japanese, woodblock prints, floating world, highly detailed","non-Japanese, oil painting, real world, undetailed"
Style: Tribal,"Tribal style {prompt} . African, indigenous, symbolic, highly detailed","non-African, mainstream, abstract, undetailed"
Style: Tibetan Thangka,"Tibetan Thangka style {prompt} . spiritual, Buddhist, meditation, highly detailed","secular, non-Buddhist, disturbing, undetailed"
Style: Art Deco (2),"Art Deco style {prompt} . modern, geometric, luxury, highly detailed","vintage, organic, minimalism, undetailed"
Style: Minimalist (2),"Minimalist style {prompt} . simple, functional, unadorned, highly detailed","complex, decorative, adorned, undetailed"
Style: Greek Classical,"Greek Classical style {prompt} . ancient, mythology, balanced, highly detailed","modern, everyday life, unbalanced, undetailed"
Style: African,"African style {prompt} . tribal, symbolic, cultural, highly detailed","non-African, abstract, non-cultural, undetailed"
Style: Russian Iconography,"Russian Iconography style {prompt} . religious, orthodox, gold, highly detailed","secular, non-orthodox, silver, undetailed"
Style: Nordic,"Nordic style {prompt} . Scandinavian, minimal, nature, highly detailed","non-Scandinavian, maximal, urban, undetailed"
Style: Inuit,"Inuit style {prompt} . Arctic, native, animal themes, highly detailed","tropical, non-native, human themes, undetailed"
Style: Maori,"Maori style {prompt} . New Zealand, tribal, spiritual, highly detailed","non-New Zealand, non-tribal, secular, undetailed"
Style: Iznik,"Iznik style {prompt} . Turkish, ceramic, floral, highly detailed","non-Turkish, canvas, geometric, undetailed"
Style: Ottoman,"Ottoman style {prompt} . Islamic, calligraphy, miniatures, highly detailed","non-Islamic, typography, large-scale, undetailed"
Style: Hanami,"Hanami style {prompt} . Japanese, cherry blossoms,spring, highly detailed","non-Japanese, winter, abstract, undetailed"
Style: Mandala,"Mandala style {prompt} . spiritual, geometric, symmetrical, highly detailed","secular, organic, asymmetrical, undetailed"
Style: Aztec,"Aztec style {prompt} . ancient Mexico, symbolic, cultural, highly detailed","modern, abstract, non-cultural, undetailed"
Style: Sumi-e,"Sumi-e style {prompt} . Japanese ink painting, minimal, nature, highly detailed","non-Japanese, colorful, urban, undetailed"
Style: Ukiyo-e (2),"Ukiyo-e style {prompt} . Japanese, woodblock prints, floating world, highly detailed","non-Japanese, digital art, real world, undetailed"
Style: Haida,"Haida style {prompt} . Native American, form line, nature, highly detailed","non-Native American, abstract, urban, undetailed"
Style: Moorish,"Moorish style {prompt} . Islamic, geometric, Andalusian, highly detailed","non-Islamic, organic, non-Andalusian, undetailed"
Style: Victorian (2),"Victorian style {prompt} . 19th century, ornate, romantic, highly detailed","21st century, minimal, unemotional, undetailed"
Style: Pueblo,"Pueblo style {prompt} . Native American, traditional, pottery, highly detailed","non-Native American, modern, photography, undetailed"
Style: Cloisonné,"Cloisonné style {prompt} . metalwork, enamel, intricate, highly detailed","woodwork, paint, simple, undetailed"
Style: Khokhloma,"Khokhloma style {prompt} . Russian, folk art, floral, highly detailed","non-Russian, fine art, geometric, undetailed"
Style: Biedermeier,"Biedermeier style {prompt} . 19th century, domestic, unpretentious, highly detailed","21st century, public, pretentious, undetailed"
Style: Goryeo,"Goryeo style {prompt} . Korean, celadon, inlay, highly detailed","non-Korean, terra cotta, relief, undetailed"
Style: Han,"Han style {prompt} . Chinese, ancient, stone relief, highly detailed","non-Chinese, modern, oil painting, undetailed"
Style: Hellenistic,"Hellenistic style {prompt} . ancient Greek, dynamic, emotional, highly detailed","modern, static, unemotional, undetailed"
Style: Tang,"Tang style {prompt} . Chinese, ancient, sculpture, highly detailed","non-Chinese, modern, photography, undetailed"
Style: Ming,"Ming style {prompt} . Chinese, elegant, pottery, highly detailed","non-Chinese, rustic, painting, undetailed"
Style: Joseon,"Joseon style {prompt} . Korean, Confucian, painting, highly detailed","non-Korean, Taoist, sculpture, undetailed"
Style: Gupta,"Gupta style {prompt} . Indian, ancient, sculpture, highly detailed","non-Indian, modern, painting, undetailed"
Style: Pallava,"Pallava style {prompt} . Indian, Dravidian architecture, sculpture, highly detailed","non-Indian, Mughal architecture, painting, undetailed"
Style: Chola,"Chola style {prompt} . Indian, bronze, dancing Shiva, highly detailed","non-Indian, marble, sitting Buddha, undetailed"
Style: Minoan,"Minoan style {prompt} . ancient Crete, frescoes, sea life, highly detailed","modern, oil painting, land animals, undetailed"
Style: Mycenaean,"Mycenaean style {prompt} . ancient Greece, gold, death mask, highly detailed","modern, bronze, life mask, undetailed"
Style: Ndebele,"Ndebele style {prompt} . African, geometric, house painting, highly detailed","non-African, organic, canvas painting, undetailed"
Style: San,"San style {prompt} . African, rock art, animal figures, highly detailed","non-African, digital art, human figures, undetailed"
Style: Batik,"Batik style {prompt} . Indonesian, resist dyeing, floral, highly detailed","non-Indonesian, direct dyeing, geometric, undetailed"
Style: Assyrian,"Assyrian style {prompt} . ancient Mesopotamia, relief, war scenes, highly detailed","modern, oil painting, peaceful scenes, undetailed"
Style: Thracian,"Thracian style {prompt} . ancient Balkans, gold, ritual objects, highly detailed","modern, wood, everyday objects, undetailed"
Style: Etruscan,"Etruscan style {prompt} . ancient Italy, bronze, mythological scenes, highly detailed","modern, steel, realistic scenes, undetailed"
Style: Sumerian,"Sumerian style {prompt} . ancient Mesopotamia, cuneiform, clay tablets, highly detailed","modern, Latin script, parchment scrolls, undetailed"
Style: Babylonian,"Babylonian style {prompt} . ancient Mesopotamia, law codes, stone steles, highly detailed","modern, lawless, paper books, undetailed"
Style: Norse,"Norse style {prompt} . Viking, runic, wood carving, highly detailed","non-Viking, Latin script, metalwork, undetailed"
Style: Olmec,"Olmec style {prompt} . ancient Mexico, colossal heads, basalt, highly detailed","modern, miniature hands, marble, undetailed"
Style: Toltec,"Toltec style {prompt} . ancient Mexico, monumental architecture, relief, highly detailed","modern, small-scale models, oil painting, undetailed"
Style: Sicán,"Sicán style {prompt} . ancient Peru, gold masks, funerary objects, highly detailed","modern, wood masks, everyday objects, undetailed"
Style: Nazca,"Nazca style {prompt} . ancient Peru, geoglyphs, desert, highly detailed","modern, graffiti, urban, undetailed"
Style: Inca,"Inca style {prompt} . ancient Peru, stonework, terraces, highly detailed","modern, woodwork, flat plains, undetailed"
Style: Zapotec,"Zapotec style {prompt} . ancient Mexico, urns, jaguars, highly detailed","modern, vases, dogs, undetailed"
Style: Mixtec,"Mixtec style {prompt} . ancient Mexico, codices, turquoise, highly detailed","modern, novels, gold, undetailed"
Style: Ottonian,"Ottonian style {prompt} . medieval Germany, religious art, manuscripts, highly detailed","modern, secular art, newspapers, undetailed"
Style: Merovingian,"Merovingian style {prompt} . medieval France, jewelry, garnet cloisonné, highly detailed","modern, clothing, sapphire pavé, undetailed"
Style: Carolingian,"Carolingian style {prompt} . medieval Europe, illuminatedmanuscripts, luxury, highly detailed","modern, paperback books, simplicity, undetailed"
Style: Otomi,"Otomi style {prompt} . Mexican, textile, embroidery, highly detailed","non-Mexican, metalwork, hammering, undetailed"
Style: Huichol,"Huichol style {prompt} . Mexican, yarn painting, spiritual, highly detailed","non-Mexican, oil painting, secular, undetailed"
Style: Ainu,"Ainu style {prompt} . Japanese indigenous, wood carving, bear worship, highly detailed","non-Japanese, stone carving, dragon worship, undetailed"
Style: Maori (2),"Maori style {prompt} . New Zealand, tattoo, spiritual, highly detailed","non-New Zealand, body paint, secular, undetailed"
Style: Aboriginal (2),"Aboriginal style {prompt} . Australian indigenous, dot painting, storytelling, highly detailed","non-Australian, line drawing, non-narrative, undetailed"
Style: Inuit (2),"Inuit style {prompt} . Arctic, stone carving, animal figures, highly detailed","tropical, wood carving, human figures, undetailed"
Style: Saami,"Saami style {prompt} . Nordic indigenous, duodji (craft), reindeer, highly detailed","non-Nordic, factory-made, cow, undetailed"
Style: Ojibwe,"Ojibwe style {prompt} . Native American, birch bark, canoes, highly detailed","non-Native American, pine bark, rafts, undetailed"
Style: Tlingit,"Tlingit style {prompt} . Native American, totem poles, spiritual, highly detailed","non-Native American, street signs, secular, undetailed"
Style: Navajo,"Navajo style {prompt} . Native American, textile, rug weaving, highly detailed","non-Native American, metalwork, jewelry making, undetailed"
Style: Apache,"Apache style {prompt} . Native American, basketry, coiled, highly detailed","non-Native American, pottery, thrown, undetailed"
Style: Zuni,"Zuni style {prompt} . Native American, jewelry, silver, highly detailed","non-Native American, clothing, cotton, undetailed"
Style: Hopi,"Hopi style {prompt} . Native American, kachina dolls, spiritual, highly detailed","non-Native American, action figures, secular, undetailed"
Style: Sioux,"Sioux style {prompt} . Native American, quillwork, porcupine, highly detailed","non-Native American, embroidery, silk, undetailed"
Style: Lakota,"Lakota style {prompt} . Native American, beadwork, clothing, highly detailed","non-Native American, sequin work, banners, undetailed"
Style: Yupik,"Yupik style {prompt} . Native American, mask, ceremonial, highly detailed","non-Native American, mask, recreational, undetailed"
Style: Cherokee,"Cherokee style {prompt} . Native American, pottery, stamped, highly detailed","non-Native American, pottery, painted, undetailed"
Style: Mohawk,"Mohawk style {prompt} . Native American, sweetgrass, basketry, highly detailed","non-Native American, bamboo, basketry, undetailed"
Style: Cree,"Cree style {prompt} . Native American, hide, clothing, highly detailed","non-Native American, synthetic material, clothing, undetailed"
Style: Acoma,"Acoma style {prompt} . Native American, pottery, sky city, highly detailed","non-Native American, pottery, earth city, undetailed"
Style: Laguna,"Laguna style {prompt} . Native American, pottery, polychrome, highly detailed","non-Native American, pottery, monochrome, undetailed"
Style: Seminole,"Seminole style {prompt} . Native American, patchwork, clothing, highly detailed","non-Native American, knitting, clothing, undetailed"
Style: Osage,"Osage style {prompt} . Native American, ribbon work, floral, highly detailed","non-Native American, beadwork, geometric, undetailed"
Style: Anasazi,"Anasazi style {prompt} . Native American, pottery, black-on-white, highly detailed","non-Native American, pottery, color-on-color, undetailed"
Style: Mimbres,"Mimbres style {prompt} . Native American, pottery, figurative, highly detailed","non-Native American, pottery, abstract, undetailed"
Style: Pomo,"Pomo style {prompt} . Native American, basketry, feathers, highly detailed","non-Native American, basketry, beads, undetailed"
Style: Hohokam,"Hohokam style {prompt} . Native American, pottery, red-on-buff, highly detailed","non-Native American, pottery, blue-on-cream, undetailed"
Style: Mississippian,"Mississippian style {prompt} . Native American, stone carving, ceremonial, highly detailed","non-Native American, wood carving, everyday, undetailed"
Style: Fremont,"Fremont style {prompt} . Native American, petroglyphs, rock art, highly detailed","non-Native American, graffiti, wall art, undetailed"
Style: Mogollon,"Mogollon style {prompt} . Native American, pottery, geometric, highly detailed","non-Native American, pottery, organic, undetailed"
Style: Salado,"Salado style {prompt} . Native American, pottery, polychrome, highly detailed","non-Native American, pottery, duochrome, undetailed"
Style: Zulu,"Zulu style {prompt} . African, basketry, coiled, highly detailed","non-African, pottery, thrown, undetailed"
Style: Maasai,"Maasai style {prompt} . African, beadwork, jewelry, highly detailed","non-African, macramé, wall hanging, undetailed"
Style: Ndebele (2),"Ndebele style {prompt} . African, mural art, homes, highly detailed","non-African, canvas art, studios, undetailed"
Style: Kuba,"Kuba style {prompt} . African, textile, raffia, highly detailed","non-African, metalwork, steel, undetailed"
Style: Yoruba,"Yoruba style {prompt} . African, sculpture, spiritual, highly detailed","non-African, photography, secular, undetailed"
Style: Akan,"Akan style {prompt} . African, gold weights, symbolic, highly detailed","non-African, silver weights, literal, undetailed"
Style: Berber,"Berber style {prompt} . North African, jewelry, silver, highly detailed","non-North African, clothing, cotton, undetailed"
Style: Dogon,"Dogon style {prompt} . African, wood carving, spiritual, highly detailed","non-African, stone carving, secular, undetailed"
Style: Fang,"Fang style {prompt} . African, mask, ceremonial, highly detailed","non-African, mask, recreational, undetailed"
Style: Baga,"Baga style {prompt} . African, mask, spiritual, highly detailed","non-African, mask, secular, undetailed"
Style: Blade Runner,"Blade Runner {prompt} . Cyberpunk, neon-lit, rainy, dystopian, noir, cinematic, highly detailed","bright, sunny, utopian, cheerful, undetailed"
Style: Star Wars,"Star Wars {prompt} . Space opera, galaxy far, far away, epic, iconic, cinematic, highly detailed","earthly, small scale, uniconic, undetailed"
Style: Lord of the Rings,"Lord of the Rings {prompt} . Epic fantasy, Middle-earth, vast landscapes, highly detailed","science fiction, cityscape, undetailed"
Style: Matrix,"Matrix {prompt} . Cyberpunk, green tint, reality-bending, cinematic, highly detailed","rustic, brown tint, reality-based, undetailed"
Style: Indiana Jones,"Indiana Jones {prompt} . Adventure, archaeology, exotic locations, cinematic, highly detailed","domestic, library, unadventurous, undetailed"
Style: Mad Max,"Mad Max {prompt} . Post-apocalyptic, desert landscapes, dystopian, cinematic, highly detailed","utopian, lush landscapes, pre-apocalyptic, undetailed"
Style: 2001: A Space Odyssey,"2001: A Space Odyssey {prompt} . Sci-fi, space exploration, monolith, cinematic, highly detailed","fantasy, earth exploration, monochrome, undetailed"
Style: Alien,"Alien {prompt} . Sci-fi horror, space, xenomorphs, dark, highly detailed","comedy, bright, undetailed"
Style: Avatar,"Avatar {prompt} . Sci-fi, Pandora, bioluminescent, 3D, highly detailed","earthly, non-bioluminescent, 2D, undetailed"
Style: Pulp Fiction,"Pulp Fiction {prompt} . Crime, non-linear narrative, 90s, highly detailed","linear narrative, 2000s, undetailed"
Style: Kill Bill,"Kill Bill {prompt} . Martial arts, vengeance, yellow jumpsuit, cinematic, highly detailed","peaceful, pink jumpsuit, undetailed"
Style: Inception,"Inception {prompt} . Sci-fi, dream within a dream, mind-bending, cinematic, highly detailed","reality-based, straightforward, undetailed"
Style: Fight Club,"Fight Club {prompt} . Dark, gritty, psychological drama, highly detailed","light, glossy, undramatic, undetailed"
Style: Harry Potter,"Harry Potter {prompt} . Fantasy, Hogwarts, wizardry, highly detailed","science fiction, non-magical, undetailed"
Style: Marvel Cinematic Universe,"Marvel Cinematic Universe {prompt} . Superheroes, epic battles, colorful, highly detailed","ordinary people, small conflicts, monochrome, undetailed"
Style: DC Extended Universe,"DC Extended Universe {prompt} . Superheroes, grim, darker tones, highly detailed","ordinary people, cheerful, brighter tones, undetailed"
Style: Game of Thrones,"Game of Thrones {prompt} . Fantasy, Westeros, dragons, highly detailed","science fiction, no dragons, undetailed"
Style: Twilight,"Twilight {prompt} . Romantic fantasy, vampires, Pacific Northwest, highly detailed","non-romantic, zombies, desert, undetailed"
Style: Transformers,"Transformers {prompt} . Sci-fi, giant robots, explosions, highly detailed","fantasy, small creatures, calm, undetailed"
Style: The Hunger Games,"The Hunger Games {prompt} . Dystopian, survival, rebellion, highly detailed","utopian, abundance, conformity, undetailed"
Style: Pirates of the Caribbean,"Pirates of the Caribbean {prompt} . Adventure, pirates, supernatural, highly detailed","domestic, non-pirates, realistic, undetailed"
Style: Jurassic Park,"Jurassic Park {prompt} . Adventure, dinosaurs, Isla Nublar, highly detailed","undramatic, no dinosaurs, mainland, undetailed"
Style: The Shining,"The Shining {prompt} . Horror, haunted hotel, psychological thriller, highly detailed","comedy, non-haunted hotel, undetailed"
Style: The Godfather,"The Godfather {prompt} . Crime, mafia, 1940s-1950s, highly detailed","law-abiding, 2000s, undetailed"
Style: The Dark Knight,"The Dark Knight {prompt} . Superhero, gritty, Batman, Joker, highly detailed","light-hearted, Superman, undetailed"
Style: Casablanca,"Casablanca {prompt} . Drama, romance, WWII, highly detailed","action, non-romantic, modern day, undetailed"
Style: Jaws,"Jaws {prompt} . Thriller, shark, Amity Island, highly detailed","comedy, no shark, mainland, undetailed"
Style: The Wizard of Oz,"The Wizard of Oz {prompt} . Fantasy, musical, Technicolor, Oz, highly detailed","realistic, non-musical, monochrome, Kansas, undetailed"
Style: E.T.,"E.T. {prompt} . Sci-fi, family, suburban, highly detailed","fantasy, non-family, urban, undetailed"
Style: Ghostbusters,"Ghostbusters {prompt} . Comedy, supernatural, New York City, highly detailed","horror, natural, rural, undetailed"
Style: Back to the Future,"Back to the Future {prompt} . Sci-fi, time travel, DeLorean, highly detailed","fantasy, time stationary, non-vehicle, undetailed"
Style: Toy Story,"Toy Story {prompt} . Animated, toys come to life, friendship, highly detailed","live-action, inanimate toys, rivalry, undetailed"
Style: The Lion King,"The Lion King {prompt} . Animated, animal kingdom, African savannah, highly detailed","live-action, human kingdom, urban, undetailed"
Style: Finding Nemo,"Finding Nemo {prompt} . Animated, ocean adventure, Great Barrier Reef, highly detailed","live-action, land adventure, desert, undetailed"
Style: Shrek,"Shrek {prompt} . Animated, fairytale, swamp, highly detailed","live-action, realistic, city, undetailed"
Style: The Little Mermaid,"The Little Mermaid {prompt} . Animated, undersea, mermaids, highly detailed","live-action, land, humans, undetailed"
Style: Aladdin,"Aladdin {prompt} . Animated, Arabian Nights, magic carpet, highly detailed","live-action, modern day, ordinary carpet, undetailed"
Style: Beauty and the Beast,"Beauty and the Beast {prompt} . Animated, fairytale, enchanted castle, highly detailed","live-action, realistic, ordinary house, undetailed"
Style: Cinderella,"Cinderella {prompt} . Animated, fairytale, magical transformation, highly detailed","live-action, realistic, ordinary transformation, undetailed"
Style: Sleeping Beauty,"Sleeping Beauty {prompt} . Animated, fairytale, spinning wheel, highly detailed","live-action, realistic, sewing machine, undetailed"
Style: Snow White,"Snow White {prompt} . Animated, fairytale, seven dwarfs, highly detailed","live-action, realistic, seven giants, undetailed"
Style: Mulan,"Mulan {prompt} . Animated, historical, Chinese warfare, highly detailed","live-action, futuristic, space warfare, undetailed"
Style: Pocahontas,"Pocahontas {prompt} . Animated, historical, Native American, highly detailed","live-action, modern, urban American, undetailed"
Style: The Nightmare Before Christmas,"The Nightmare Before Christmas {prompt} . Stop-motion, Halloween Town, Christmas Town, highly detailed","live-action, Easter Town, undetailed"
Style: Frozen,"Frozen {prompt} . Animated, fairytale, ice magic, highly detailed","live-action, realistic, fire magic, undetailed"
Style: Moana,"Moana {prompt} . Animated, Polynesian, ocean adventure, highly detailed","live-action, Nordic, mountain adventure, undetailed"
Style: Tangled,"Tangled {prompt} . Animated, fairytale, magic hair, highly detailed","live-action, realistic, ordinary hair, undetailed"
Style: Zootopia,"Zootopia {prompt} . Animated, anthropomorphic animals, urban, highly detailed","live-action, humans, rural, undetailed"
Style: Coco,"Coco {prompt} . Animated, Dia de los Muertos, Mexican culture, highly detailed","live-action, Halloween, American culture, undetailed"
Style: Brave,"Brave {prompt} . Animated, Scottish highlands, archery, highly detailed","live-action, tropical island, surfing, undetailed"
Style: Inside Out,"Inside Out {prompt} . Animated, emotions, abstract, highly detailed","live-action, logical thinking, realistic, undetailed"
Style: The Incredibles,"The Incredibles {prompt} . Animated, superhero, family, highly detailed","live-action, villain, solitary, undetailed"
Style: Up,"Up {prompt} . Animated, adventure, flying house, highly detailed","live-action, everyday life, stationary house, undetailed"
Style: Wall-E,"Wall-E {prompt} . Animated, post-apocalyptic, robots, highly detailed","live-action, pre-apocalyptic, humans, undetailed"
Style: Ratatouille,"Ratatouille {prompt} . Animated, culinary, Paris, highly detailed","live-action, non-culinary, New York, undetailed"
Style: Monsters Inc.,"Monsters Inc. {prompt} . Animated, monsters, scare factory, highly detailed","live-action, humans, laughter factory, undetailed"
Style: Cars,"Cars {prompt} . Animated, anthropomorphic cars, racing, highly detailed","live-action, humans, walking, undetailed"
Style: A Bug's Life,"A Bug's Life {prompt} . Animated, insects, ant colony, highly detailed","live-action, mammals, human society, undetailed"
Style: James Bond,"James Bond {prompt} . Spy, action, globe-trotting, highly detailed","romantic comedy, peace, domestic, undetailed"
Style: Fast and Furious,"Fast and Furious {prompt} . Action, car chases, family, highly detailed","romantic comedy, pedestrian chases, solitary, undetailed"
Style: Mission Impossible,"Mission Impossible {prompt} . Action, spy, impossible stunts, highly detailed","romantic comedy, everyday person, possible stunts, undetailed"
Style: Jurassic World,"Jurassic World {prompt} . Adventure, dinosaurs, theme park, highly detailed","romantic comedy, no dinosaurs, city park, undetailed"
Style: Minions,"Minions {prompt} . Animated, comedy, minions, highly detailed","live-action, drama, no minions, undetailed"
Style: Interstellar,"Interstellar {prompt} . Sci-fi, space travel, wormholes, highly detailed","romantic comedy, earth travel, roads, undetailed"
Style: The Grinch,"The Grinch {prompt} . Animated, Christmas, Whoville, highly detailed","live-action, summer, city, undetailed"
Style: Avengers: Endgame,"Avengers: Endgame {prompt} . Superhero, epic battle, time travel, highly detailed","romantic comedy, small conflict, present time, undetailed"
Style: Wonder Woman,"Wonder Woman {prompt} . Superhero, Amazonian, World War I, highly detailed","romantic comedy, non-Amazonian, modern day, undetailed"
Style: The Iron Giant,"The Iron Giant {prompt} . Animated, robot, 1950s, highly detailed","live-action, human, modern day, undetailed"
Style: Godzilla,"Godzilla {prompt} . Monster, destruction, cityscape, highly detailed","romantic comedy, creation, countryside, undetailed"
Style: King Kong,"King Kong {prompt} . Monster, island, skyscraper, highly detailed","romantic comedy, mainland, low-rise, undetailed"
Style: The Grand Budapest Hotel,"The Grand Budapest Hotel {prompt} . Comedy, hotel, pastel colors, highly detailed","action, wilderness, dark colors, undetailed"
Style: Inside Llewyn Davis,"Inside Llewyn Davis {prompt} . Drama, folk music, 1960s, highly detailed","action, pop music, modern day, undetailed"
Style: Drive,"Drive {prompt} . Action, neon, 1980s aesthetic, highly detailed","romantic comedy, daylight, modern aesthetic, undetailed"
Style: The Neon Demon,"The Neon Demon {prompt} . Horror, fashion, Los Angeles, highly detailed","romantic comedy, construction, New York, undetailed"
Style: It Follows,"It Follows {prompt} . Horror, supernatural, suburbia, highly detailed","romantic comedy, natural, city, undetailed"
Style: Dunkirk,"Dunkirk {prompt} . War, World War II, beach, highly detailed","romantic comedy, peace, city, undetailed"
Style: Her,"Her {prompt} . Romance, sci-fi, artificial intelligence, highly detailed","action, reality, human intelligence, undetailed"
Style: The Revenant,"The Revenant {prompt} . Drama, survival, wilderness, highly detailed","romantic comedy, luxury, city, undetailed"
Style: Whiplash,"Whiplash {prompt} . Drama, music, drumming, highly detailed","action, silence, no music, undetailed"
Style: The Shape of Water,"The Shape of Water {prompt} . Fantasy, romance, aquatic creature, highly detailed","action, hatred, terrestrial creature, undetailed"
Style: A Ghost Story,"A Ghost Story {prompt} . Drama, supernatural, ghost, highly detailed","romantic comedy, natural, human, undetailed"
Style: The Florida Project,"The Florida Project {prompt} . Drama, childhood, motel, highly detailed","action, adulthood, skyscraper, undetailed"
Style: La La Land,"La La Land {prompt} . Musical, romance, Los Angeles, highly detailed","action, hatred, New York, undetailed"
Style: The Lobster,"The Lobster {prompt}. Dark comedy, dystopian, relationship rules, highly detailed","romantic comedy, utopian, no relationship rules, undetailed"
Style: Ex Machina,"Ex Machina {prompt} . Sci-fi, artificial intelligence, secluded mansion, highly detailed","romantic comedy, human intelligence, bustling city, undetailed"
Style: Birdman,"Birdman {prompt} . Drama, Broadway, magical realism, highly detailed","action, Hollywood, realism, undetailed"
Style: Gravity,"Gravity {prompt} . Sci-fi, space, survival, highly detailed","romantic comedy, earth, abundance, undetailed"
Style: The Tree of Life,"The Tree of Life {prompt} . Drama, philosophical, nonlinear narrative, highly detailed","action, practical, linear narrative, undetailed"
Style: Inception (2),"Inception {prompt} . Sci-fi, dream manipulation, heist, highly detailed","romantic comedy, reality, gift-giving, undetailed"
Style: The Social Network,"The Social Network {prompt} . Drama, Facebook, entrepreneurship, highly detailed","action, Myspace, employment, undetailed"
Style: Moonlight,"Moonlight {prompt} . Drama, coming-of-age, Miami, highly detailed","action, aging, Los Angeles, undetailed"
Style: Roma,"Roma {prompt} . Drama, Mexico City, 1970s, highly detailed","action, New York City, modern day, undetailed"
Style: Parasite,"Parasite {prompt} . Thriller, class disparity, South Korea, highly detailed","romantic comedy, class equality, United States, undetailed"
Style: 1917,"1917 {prompt} . War, World War I, single shot, highly detailed","romantic comedy, peace, multiple shots, undetailed"
Style: Jojo Rabbit,"Jojo Rabbit {prompt} . Comedy, World War II, imaginary friend, highly detailed","drama, modern day, real friend, undetailed"
Style: Joker,"Joker {prompt} . Drama, psychological, Gotham City, highly detailed","romantic comedy, psychological well-being, Metropolis, undetailed"
Style: The Lighthouse,"The Lighthouse {prompt} . Drama, isolation, lighthouse, highly detailed","romantic comedy, community, city, undetailed"
Style: Once Upon a Time in Hollywood,"Once Upon a Time in Hollywood {prompt} . Comedy-drama, 1960s Hollywood, film industry, highly detailed","action, modern Hollywood, tech industry, undetailed"
Style: The Irishman,"The Irishman {prompt} . Crime, mafia, aging, highly detailed","romantic comedy, law-abiding citizens, youth, undetailed"
Style: Uncut Gems,"Uncut Gems {prompt} . Crime, debt, gambling, highly detailed","romantic comedy, abundance, saving, undetailed"
Style: Little Women,"Little Women {prompt} . Drama, coming-of-age, Civil War era, highly detailed","action, aging, modern day, undetailed"
Style: Knives Out,"Knives Out {prompt} . Mystery, whodunit, wealthy family, highly detailed","romantic comedy, clear culprit, poor family, undetailed"
Style: Marriage Story,"Marriage Story {prompt} . Drama, divorce, bi-coastal, highly detailed","romantic comedy, marriage, same city, undetailed"
Style: Midsommar,"Midsommar {prompt} . Horror, cult, Sweden, highly detailed","romantic comedy, mainstream religion, United States, undetailed"
Style: Booksmart,"Booksmart {prompt} . Comedy, high school, overachievers, highly detailed","drama, college, underachievers, undetailed"
Style: Ford v Ferrari,"Ford v Ferrari {prompt} . Drama, racing, 1960s, highly detailed","romantic comedy, walking, modern day, undetailed"
Style: Rocketman,"Rocketman {prompt} . Musical, biographical, Elton John, highly detailed","action, fictional, ordinary person, undetailed"
Style: Ad Astra,"Ad Astra {prompt} . Sci-fi, space travel, father-son relationship, highly detailed","romantic comedy, earth travel, romantic relationship, undetailed"
Style: Waves,"Waves {prompt} . Drama, family tragedy, forgiveness, highly detailed","romantic comedy, family comedy, grudge, undetailed"
Style: The Farewell,"The Farewell {prompt} . Drama, family, cultural conflict, highly detailed","romantic comedy, strangers, cultural harmony, undetailed"
Style: Hustlers,"Hustlers {prompt} . Drama, strippers, financial crime, highly detailed","romantic comedy, office workers, financial responsibility, undetailed"
Style: Portrait of a Lady on Fire,"Portrait of a Lady on Fire {prompt} . Romance, art, 18th century France, highly detailed","action, science, modern day United States, undetailed"
Style: Pain and Glory,"Painand Glory {prompt} . Drama, filmmaking, memory, highly detailed","romantic comedy, accounting, forgetfulness, undetailed"
Style: The Two Popes,"The Two Popes {prompt} . Drama, Vatican, philosophical discussions, highly detailed","action, a small town, physical challenges, undetailed"
Style: A Beautiful Day in the Neighborhood,"A Beautiful Day in the Neighborhood {prompt} . Drama, Fred Rogers, kindness, highly detailed","action, a villainous character, ruthlessness, undetailed"
Style: The Peanut Butter Falcon,"The Peanut Butter Falcon {prompt} . Adventure, friendship, wrestling, highly detailed","romantic comedy, rivalry, chess, undetailed"
Style: The Goldfinch,"The Goldfinch {prompt} . Drama, art, trauma, highly detailed","action, science, joy, undetailed"
Style: High Life,"High Life {prompt} . Sci-fi, space travel, isolation, highly detailed","romantic comedy, road trip, companionship, undetailed"
Style: The Nightingale,"The Nightingale {prompt} . Drama, revenge, colonial Tasmania, highly detailed","romantic comedy, forgiveness, modern California, undetailed"
Style: Yesterday,"Yesterday {prompt} . Comedy, music, The Beatles, highly detailed","drama, silence, unknown band, undetailed"
Style: Doctor Sleep,"Doctor Sleep {prompt} . Horror, supernatural, The Shining sequel, highly detailed","romantic comedy, natural, standalone story, undetailed"
Style: The Farewell (2),"The Farewell {prompt} . Drama, family, terminal illness, highly detailed","romantic comedy, friends, good health, undetailed"
Style: John Wick 3,"John Wick 3 {prompt} . Action, assassin, relentless pursuit, highly detailed","romantic comedy, pacifist, peaceful life, undetailed"
Style: Us,"Us {prompt} . Horror, doppelgängers, underground, highly detailed","romantic comedy, identical twins, above ground, undetailed"
Style: The Irishman (2),"The Irishman {prompt} . Crime, mobster, union, highly detailed","romantic comedy, law-abiding citizen, small business, undetailed"
Style: Honey Boy,"Honey Boy {prompt} . Drama, father-son relationship, Hollywood, highly detailed","romantic comedy, mother-daughter relationship, a small town, undetailed"
Style: Joker (2),"Joker {prompt} . Drama, mental health, Gotham City, highly detailed","romantic comedy, mental well-being, Metropolis, undetailed"
Style: Uncut Gems (2),"Uncut Gems {prompt} . Crime, gambling, New York City's Diamond District, highly detailed","romantic comedy, savings, rural town, undetailed"
Style: 1917 (2),"1917 {prompt} . War, World War I, real-time, highly detailed","romantic comedy, peacetime, timeless, undetailed"
Style: Ford v Ferrari (2),"Ford v Ferrari {prompt} . Drama, racing, corporate politics, highly detailed","romantic comedy, walking, friendship, undetailed"
Style: Cats,"Cats {prompt} . Musical, anthropomorphic cats, surreal, highly detailed","action, ordinary humans, realism, undetailed"
Style: Jojo Rabbit (2),"Jojo Rabbit {prompt} . Comedy-drama, World War II, Hitler Youth, highly detailed","romantic comedy, modern day, ordinary youth, undetailed"
Style: Parasite (2),"Parasite {prompt} . Drama, social class, deception, highly detailed","romantic comedy, equality, honesty, undetailed"
Style: The Lion King (2),"The Lion King {prompt} . Animated, animal kingdom, Shakespearean, highly detailed","live-action, human kingdom, modern, undetailed"
Style: Aladdin (2),"Aladdin {prompt} . Animated, Middle Eastern, magic, highly detailed","live-action, Western, science, undetailed"
Style: Toy Story 4,"Toy Story 4 {prompt} . Animated, toys, adventure, highly detailed","live-action, non-living objects, ordinary life, undetailed"
Style: Avengers: Endgame (2),"Avengers: Endgame {prompt} . Superhero, epic, time travel, highly detailed","romantic comedy, small-scale, present day, undetailed"
Style: Star Wars: The Rise of Skywalker,"Star Wars: The Rise of Skywalker {prompt} . Sci-fi, space opera, Jedi, highly detailed","romantic comedy, earthbound, everyday person, undetailed"
Style: Downton Abbey,"Downton Abbey {prompt} . Drama, British aristocracy, period piece, highly detailed","romantic comedy, modern middle class, present day, undetailed"
Style: Frozen 2,"Frozen 2 {prompt} . Animated, fairytale, sisterhood, highly detailed","live-action, realism, rivalry, undetailed"
Style: Little Women (2),"Little Women {prompt} . Drama, sisters, Civil War era, highly detailed","action, brothers, modern day, undetailed"
Style: 2D Traditional Animation,"traditional 2D animation {prompt} . hand-drawn, frames, expressive, vibrant colors, highly detailed","3D, CG, stop-motion, photo-realistic, black and white"
Style: CGI Animation,"CGI animation {prompt} . 3D, photorealistic, high-quality textures and lighting, highly detailed","2D, stop-motion, anime, manga, black and white"
Style: Stop-Motion Animation,"stop-motion animation {prompt} . physical models, frame-by-frame, quirky, distinctive, highly detailed","2D, 3D, CG, anime, manga, black and white"
Style: Claymation,"claymation {prompt} . clay models, stop-motion, handcrafted, tactile, highly detailed","2D, 3D, CG, anime, manga, black and white"
Style: Vector Animation,"vector animation {prompt} . digital, clean lines, geometric shapes, bold colors, highly detailed","stop-motion, claymation, 3D, CG, black and white"
Style: Flash Animation,"flash animation {prompt} . digital, vector graphics, tweening, simple shapes, highly detailed","stop-motion, claymation, 3D, CG, black and white"
Style: Rotoscope Animation,"rotoscope animation {prompt} . traced over live-action, realistic movement, highly detailed","stop-motion, claymation, 3D, CG, black and white"
Style: Cut-Out Animation,"cut-out animation {prompt} . paper or fabric cut-outs, stop-motion, handcrafted, highly detailed","2D, 3D, CG, anime, manga, black and white"
Style: Sand Animation,"sand animation {prompt} . sand manipulated on light box, fluid movement, highly detailed","2D, 3D, CG, anime, manga, black and white"
Style: Pixel Art Animation,"pixel art animation {prompt} . low-res, blocky, digital, 8-bit, highly detailed","stop-motion, claymation, 3D, CG, black and white"
Style: Anime Style Animation,"anime style animation {prompt} . Japanese style, hand-drawn or digital, vibrant, unique character designs, highly detailed","western cartoons, 3D, CG, black and white"
Style: Manga Style Art,"manga style {prompt} . Japanese comics, black and white, unique character designs, detailed backgrounds, highly detailed","western comics, 3D, CG, vibrant colors"
Style: Chibi Style Art,"chibi style {prompt} . Japanese, super-deformed, cute, exaggerated features, vibrant colors, highly detailed","realistic, 3D, CG, western comics, black and white"
Style: Superflat,"superflat {prompt} . Japanese, postmodern art, flat planes of color, manga and anime influences, highly detailed","3D, CG, western art styles, black and white"
Style: Ukiyo-e (3),"ukiyo-e style {prompt} . Japanese woodblock prints, flat areas of color, detailed patterns, subjects from history and mythology, highly detailed","modern, 3D, CG, western art styles, black and white"
Style: Western Comics Art,"western comics art {prompt} . bold lines, dynamic poses, vibrant colors, dramatic lighting, highly detailed","anime, manga, 3D, CG, black and white"
Style: Graphic Novel Art,"graphic novel art {prompt} . detailed, expressive, ranges from black and white to full color, often more realistic than traditional comics, highly detailed","anime, manga, 3D, CG, western comics"
Style: Cartoon Modern,"cartoon modern {prompt} . mid-century modern aesthetic, stylized, geometric shapes, flat colors, highly detailed","realistic, 3D, CG, anime, manga, black and white"
Style: Abstract Animation,"abstract animation {prompt} . nonrepresentational, uses movement and color to create mood or emotion, highly detailed","realistic, 3D, CG, anime, manga, black and white"
Style: Silhouette Animation,"silhouette animation {prompt} . black figures against light background, dramatic, based on shadow puppetry, highly detailed","colorful, 3D, CG, anime, manga, black and white"
Style: Looney Tunes,"Looney Tunes {prompt} . Cartoon, slapstick humor, dynamic and exaggerated character designs, colorful, vibrant, whimsical","3D, realism, manga, black and white, subdued, serious"
Style: Disney Classic,"Disney Classic {prompt} . Animation, fairy tales, musical numbers, expressive characters, bright colors, detailed, professional","manga, anime, black and white, sketchy, rough"
Style: Studio Ghibli,"Studio Ghibli {prompt} . Anime, magical realism, environmental themes, unique characters, breathtaking landscapes, highly detailed","cartoon, slapstick, black and white, photo-realistic, barren"
Style: Pixar,"Pixar {prompt} . 3D animation, heartwarming stories, photorealistic environments, appealing character designs, emotional depth, detailed, professional","2D, anime, manga, black and white, sketchy"
Style: Shōnen,"Shōnen {prompt} . Manga, action-packed, youthful characters, dynamic battles, inspiring themes, highly detailed","Disney, Pixar, black and white, realism, romantic comedy"
Style: Mecha,"Mecha {prompt} . Anime, robots, futuristic technologies, dynamic battles, detailed mechanical designs, highly detailed","Disney, Pixar, cartoon, Looney Tunes, realism, fairy tales"
Style: Shojo,"Shojo {prompt} . Manga, romantic themes, delicate art style, emotional narratives, highly detailed","action, mecha, 3D, Pixar, black and white, barren"
Style: Nickelodeon,"Nickelodeon {prompt} . Cartoon, humor, dynamic characters, wacky and colorful designs, highly detailed","anime, manga, black and white, sketchy, serious"
Style: Cartoon Network,"Cartoon Network {prompt} . Cartoon, humor, dynamic characters, unique and abstract designs, highly detailed","anime, manga, black and white, sketchy, serious"
Style: Adult Swim,"Adult Swim {prompt} . Animation, adult humor, surreal themes, unique and abstract designs, highly detailed","children's cartoons, Disney, fairy tales, bright colors, traditional"
Style: Adventure Time,"Adventure Time {prompt} . Cartoon, fantasy themes, quirky characters, vibrant colors, highly detailed","anime, manga, black and white, sketchy, serious"
Style: Rick and Morty,"Rick and Morty {prompt} . Cartoon, science fiction, adult humor, unique and abstract designs, highly detailed","children's cartoons, Disney, fairy tales, bright colors, traditional"
Style: South Park,"South Park {prompt} . Animation, satire, crude humor, simplistic designs, highly detailed","anime, manga, Disney, Pixar, detailed, professional"
Style: The Simpsons,"The Simpsons {prompt} . Animation, satire, family themes, recognizable yellow characters, highly detailed","anime, manga, Disney, Pixar, black and white"
Style: Family Guy,"Family Guy {prompt} . Animation, adult humor, satirical themes, cartoonish designs, highly detailed","anime, manga, Disney, Pixar, black and white"
Style: Bob's Burgers,"Bob's Burgers {prompt} . Animation, family themes, humor, quirky characters, highly detailed","anime, manga, Disney, Pixar, black and white"
Style: Gravity Falls,"Gravity Falls {prompt} . Cartoon, mystery, fantasy themes, unique character designs, highly detailed","anime, manga, Disney, Pixar, black and white"
Style: Steven Universe,"Steven Universe {prompt} . Cartoon, LGBTQ+ themes, fantasy, vibrant colors, unique character designs, highly detailed","anime, manga, Disney, Pixar, black and white"
Style: One Piece,"One Piece {prompt} . Manga, adventure, pirates, dynamic battles, unique character designs, highly detailed","cartoon, realism, Disney, Pixar, black and white"
Style: Attack on Titan,"Attack on Titan {prompt} . Anime, dystopian, giants, dynamic battles, highly detailed","cartoon, realism, Disney, Pixar, black and white"
Style: My Hero Academia,"My Hero Academia {prompt} . Anime, superhero, high school, dynamic battles, unique character designs, highly detailed","cartoon, realism, Disney, Pixar, black and white"
Style: Naruto,"Naruto {prompt} . Anime, ninjas, coming-of-age, dynamic battles, unique character designs, highly detailed","cartoon, realism, Disney, Pixar, black and white"
Style: Dragon Ball Z,"Dragon Ball Z {prompt} . Anime, martial arts, aliens, dynamic battles, unique character designs, highly detailed","cartoon, realism, Disney, Pixar, black and white"
Style: Sailor Moon,"Sailor Moon {prompt} . Anime, magical girls, romance, unique character designs, highly detailed","cartoon, realism, Disney, Pixar, black and white"
Style: Cowboy Bebop,"Cowboy Bebop {prompt} . Anime, space western, bounty hunters, noir themes, highly detailed","cartoon, realism, Disney, Pixar, black and white"
Style: Van Gogh,"Van Gogh style {prompt} . Expressive, impasto, swirling brushwork, vibrant","realistic, photorealistic, calm, straight lines"
Style: Warhol,"Warhol style {prompt} . Pop art, bold colors, mass production, repetitive","subdued colors, traditional, unique, serious"
Style: Picasso,"Picasso style {prompt} . Cubist, geometric, abstract, innovative","realistic, detailed, smooth, fluid, single perspective"
Style: Da Vinci,"Da Vinci style {prompt} . Realistic, sfumato, detailed, chiaroscuro","abstract, vibrant colors, bold, loose brushwork"
Style: Monet,"Monet style {prompt} . Impressionist, light-filled, loose brushwork, en plein air","defined, detailed, subdued, studio work"
Style: Dali,"Dali style {prompt} . Surrealist, dreamlike, bizarre, symbolic","realistic, ordinary, rational, clear, obvious"
Style: Pollock,"Pollock style {prompt} . Abstract expressionist, gestural, dripping, layered","sharp, precise, realistic, calm"
Style: Rothko,"Rothko style {prompt} . Color field, abstract, simple, large-scale","detailed, small, complex, figurative"
Style: Matisse,"Matisse style {prompt} . Fauvist, bold colors, loose, decorative","realistic, subdued colors, detailed, serious"
Style: Banksy,"Banksy style {prompt} . Street art, satirical, stenciled, urban","classic, traditional, indoor, realism"
Style: Michelangelo,"Michelinagelo style {prompt} . High Renaissance, sculptural, detailed, humanistic","abstract, loose, simplistic, impersonal"
Style: Kusama,"Kusama style {prompt} . Pop Art, abstract, polka dots, immersive","plain, monotone, realistic, sparse"
Style: Hokusai,"Hokusai style {prompt} . Ukiyo-e, woodblock print, detailed, narrative","abstract, free-form, modern, minimal"
Style: O'Keeffe,"O'Keeffe style {prompt} . Modernist, floral, bold, abstract","small scale, detailed, muted colors, complex"
Style: Cézanne,"Cézanne style {prompt} . Post-impressionist, geometric, detailed, brushstrokes","smooth, flat, loose, fluid"
Style: Hopper,"Hopper style {prompt} . Realistic, light and shadow, loneliness, American urban","busy, crowded, vibrant, abstract"
Style: Klimt,"Klimt style {prompt} . Symbolist, decorative, ornamental, sensual","simple, bare, abstract, rough"
Style: Chagall,"Chagall style {prompt} . Surrealist, dreamy, vibrant, narrative","realistic, dull, serious, minimal"
Style: Lichtenstein,"Lichtenstein style {prompt} . Pop art, comic strip, bold, ironic","realistic, traditional, serious, detailed"
Style: Basquiat,"Basquiat style {prompt} . Neo-expressionist, primitive, graffiti, social commentary","polished, elegant, subdued, subtle"
Style: Frida Kahlo,"Frida Kahlo style {prompt} . Symbolic, surrealistic, emotional, vibrant","realistic, subdued, impersonal, monochromatic"
Style: Georgia O'Keeffe,"Georgia O'Keeffe style {prompt} . Modernist, abstract, large scale, organic","small, detailed, geometric, muted colors"
Style: Jackson Pollock,"Jackson Pollock style {prompt} . Abstract expressionist, action painting, drip technique, energetic","controlled, figurative, calm, small scale"
Style: Rembrandt,"Rembrandt style {prompt} . Baroque, chiaroscuro, realistic, emotional","flat lighting, abstract, impersonal, clean"
Style: Renoir,"Renoir style {prompt} . Impressionist, vibrant, lively, warm","dull, calm, detailed, cool colors"
Style: Magritte,"Magritte style {prompt} . Surrealist, thought-provoking, mysterious, realistic","abstract, obvious, open, unrefined"
Style: Manet,"Manet style {prompt} . Realistic, impressionistic, bold, contemporary","abstract, traditional, timid, historical"
Style: Vermeer,"Vermeer style {prompt} . Baroque, detailed, light, tranquil","abstract, rough, dark, chaotic"
Style: Caravaggio,"Caravaggio style {prompt} . Baroque, chiaroscuro, dramatic, realistic","soft lighting, calm, abstract, idealized"
Style: Rodin,"Rodin style {prompt} . Realistic, expressive, textured, bronze","smooth, emotionless, polished, painted"
Style: Botticelli,"Botticelli style {prompt} . Early Renaissance, allegorical, graceful, detailed","abstract, harsh, simplified, rough"
Style: Edward Hopper,"Edward Hopper style {prompt} . Realistic, isolation, architectural, strong contrast","crowded, organic, soft lighting, abstract"
Style: Keith Haring,"Keith Haring style {prompt} . Pop art, bold lines, vibrant colors, social messages","subtle, realistic, muted colors, personal"
Style: Damien Hirst,"Damien Hirst style {prompt} . Contemporary, shocking, conceptual, large scale","traditional, calming, handcrafted, small scale"
Style: Yayoi Kusama,"Yayoi Kusama style {prompt} . Contemporary, polka dots, immersive, psychedelic","traditional, plain, minimalist, calm"
Style: Francis Bacon,"Francis Bacon style {prompt} . Existential, distorted, unsettling, expressive","comforting, realistic, calm, subdued"
Style: Ai Weiwei,"Ai Weiwei style {prompt} . Conceptual, political, traditional Chinese materials, large-scale","apolitical, contemporary, small-scale, western materials"
Style: Cindy Sherman,"Cindy Sherman style {prompt} . Conceptual, self-portrait, character study, cinematic","landscape, group portraits, candid, documentary"
Style: Frank Stella,"Frank Stella style {prompt} . Minimalist, geometric, large scale, non-representational","maximalist, organic, small scale, representational"
Style: Lucian Freud,"Lucian Freud style {prompt} . Realistic, impasto, psychological, intimate","abstract, smooth, impersonal, public"
Style: Marc Chagall,"Marc Chagall style {prompt} . Dreamlike, vibrant, symbolic, folklore-inspired","realistic, subdued, literal, modern"
Style: Roy Lichtenstein,"Roy Lichtenstein style {prompt} . Pop art, comic strip influence, bold outlines, primary colors","abstract, realistic, pastel colors, complex"
Style: Thomas Kinkade,"Thomas Kinkade style {prompt} . Romantic, idealized, warm light, detailed","abstract, harsh, cool light, minimalist"
Style: Joan Miró,"Joan Miró style {prompt} . Surrealist, abstract, biomorphic forms, primary colors","realistic, figurative, complex, muted colors"
Style: Gerhard Richter,"Gerhard Richter style {prompt} . Abstract, textured, layered, scraped","realistic, smooth, single-layer, detailed"
Style: Wassily Kandinsky,"Wassily Kandinsky style {prompt} . Abstract, geometric, vibrant, musical","realistic, organic, muted, silent"
Style: Norman Rockwell,"Norman Rockwell style {prompt} . Realistic, narrative, Americana, detailed","abstract, non-narrative, foreign, minimalist"
Style: Bridget Riley,"Bridget Riley style {prompt} . Op art, geometric, black and white, optical illusion","organic, color, realistic, straightforward"
Style: Piet Mondrian,"Piet Mondrian style {prompt} . De Stijl, geometric, primary colors, black grid","organic, multiple colors, no grid, curved lines"
Style: Salvador Dalí,"Salvador Dalí style {prompt} . Surrealist, dreamlike, symbolic, detailed","realistic, ordinary, literal, sketchy"
Style: Mary Cassatt,"Mary Cassatt style {prompt} . Impressionist, domestic life, soft colors, loose brushwork","abstract, public life, vibrant colors, precise"
Style: Diego Rivera,"Diego Rivera style {prompt} . Muralist, social realist, Mexican culture, narrative","miniature, abstract, foreign, non-narrative"
Style: Jean-Michel Basquiat,"Jean-Michel Basquiat style {prompt} . Neo-expressionist, graffiti influence, raw, socially critical","classical, polished, refined, apolitical"
Style: Henry Moore,"Henry Moore style {prompt} . Abstract, organic, bronze, monumental","realistic, geometric, miniature, pastel"
Style: Frida Kahlo (2),"Frida Kahlo style {prompt} . Surrealist, symbolic, vibrant, autobiographical","realistic, abstract, dull, impersonal"
Style: Grant Wood,"Grant Wood style {prompt} . Regionalist, rural, detailed, Americana","urban, abstract, vague, non-American"
Style: Edward Hopper (2),"Edward Hopper style {prompt} . Realistic, isolation, strong light, urban","impressionistic, crowded, soft light, rural"
Style: Andy Goldsworthy,"Andy Goldsworthy style {prompt} . Environmental art, natural materials, temporary, site-specific","urban art, man-made materials, permanent, unspecific site"
Style: Louise Bourgeois,"Louise Bourgeois style {prompt} . Abstract, psychological, large-scale, organic","realistic, impersonal, small-scale, geometric"
Style: Ansel Adams,"Ansel Adams style {prompt} . Black and white, nature, high contrast, detailed","color, urban, low contrast, vague"
Style: Yoko Ono,"Yoko Ono style {prompt} . Conceptual, minimalist, performance, participatory","decorative, maximalist, static, non-interactive"
Style: Gustav Klimt,"Gustav Klimt style {prompt} . Symbolist, decorative, golden, intricate","realistic, functional, monochrome, simplified"
Style: Jeff Koons,"Jeff Koons style {prompt} . Contemporary, kitsch, glossy, large-scale","traditional, serious, matte, small-scale"
Style: John Singer Sargent,"John Singer Sargent style {prompt} . Realistic, elegant, portrait, expressive","abstract, casual, landscape, subdued"
Style: Marcel Duchamp,"Marcel Duchamp style {prompt} . Dada, readymade, conceptual, controversial","traditional, handmade, decorative, safe"
Style: Claude Monet,"Claude Monet style {prompt} . Impressionist, outdoor, light, loose brushwork","neoclassical, indoor, dark, tight brushwork"
Style: Anish Kapoor,"Anish Kapoor style {prompt} . Abstract, large-scale, reflective, curved","figurative, small-scale, matte, straight lines"
Style: Hieronymus Bosch,"Hieronymus Bosch style {prompt} . Surrealist, detailed, religious, narrative","realistic, abstract, secular, non-narrative"
Style: Paul Gauguin,"Paul Gauguin style {prompt} . Post-Impressionist, exotic, bold colors, flat","Impressionist, familiar, muted colors, volumetric"
Style: Katsushika Hokusai,"Katsushika Hokusai style {prompt} . Ukiyo-e, nature, woodblock print, detailed","western style, urban, oil painting, abstract"
Style: Pierre-Auguste Renoir,"Pierre-Auguste Renoir style {prompt} . Impressionist, joyful, light, loose brushwork","neoclassical, somber, dark, tight brushwork"
Style: Antony Gormley,"Antony Gormley style {prompt} . Sculpture, human form, rusted, site-specific","painting, abstract, polished, gallery-based"
Style: Kazimir Malevich,"Kazimir Malevich style {prompt} . Suprematist, abstract, geometric, minimal","realistic, organic, decorative, complex"
Style: Jean-Antoine Watteau,"Jean-Antoine Watteau style {prompt} . Rococo, outdoor, elegant, lively","Baroque, indoor, serious, static"
Style: Constantin Brâncuși,"Constantin Brâncuși style {prompt} . Modernist, abstract, bronze, streamlined","traditional, figurative, wood, complex"
Style: Egon Schiele,"Egon Schiele style {prompt} . Expressionist, figure, distorted, emotional","Impressionist, landscape, proportional, detached"
Style: Nam June Paik,"Nam June Paik style {prompt} . Video art, technological, interactive, large-scale","painting, traditional, static, small-scale"
Style: James Whistler,"James Whistler style {prompt} . Tonalism, atmospheric, subdued, abstract","Fauvism, vibrant, bold, detailed"
Style: Wassily Kandinsky (2),"Wassily Kandinsky style {prompt} . Abstract, musical, geometric, vibrant","realistic, silent, organic, subdued"
Style: Lucio Fontana,"Lucio Fontana style {prompt} . Spatialism, monochrome, slashed, minimal","Futurism, colorful, whole, detailed"
Style: Artemisia Gentileschi,"Artemisia Gentileschi style {prompt} . Baroque, dramatic, biblical, female-centric","Rococo, calm, mythological, male-centric"
Style: Jean Dubuffet,"Jean Dubuffet style {prompt} . Art Brut, textured, primal, abstract","Academic art, smooth, refined, realistic"
Style: Sandro Botticelli,"Sandro Botticelli style {prompt} . Early Renaissance, mythological, linear, vibrant","Baroque, historical, painterly, subdued"
Style: Carl Andre,"Carl Andre style {prompt} . Minimalist, geometric, industrial, ground-level","Baroque, organic, handcrafted, elevated"
Style: David Hockney,"David Hockney style {prompt} . Pop art, landscape, vibrant, digital","Abstract Expressionism, figure, subdued, traditional"
Style: Jenny Holzer,"Jenny Holzer style {prompt} . Conceptual, text-based, public, LED","painting, image-based, private, canvas"
Style: Dante Gabriel Rossetti,"Dante Gabriel Rossetti style {prompt} . Pre-Raphaelite, medieval, literary, romantic","Futurist, modern, abstract, stark"
Style: Zaha Hadid,"Zaha Hadid style {prompt} . Modernist, organic, futuristic, curved","Classical, geometric, traditional, straight lines"
Style: Takashi Murakami,"Takashi Murakami style {prompt} . Superflat, pop culture, colorful, cartoonish","Cubist, high culture, monochrome, realistic"
Style: Edward Weston,"Edward Weston style {prompt} . Photography, black and white, still life, detailed","Painting, color, action, abstract"
Style: Edvard Munch,"Edvard Munch style {prompt} . Expressionist, psychological, bold colors, distorted","Impressionist, physical, muted colors, proportional"
Style: Ai Weiwei (2),"Ai Weiwei style {prompt} . Contemporary, political, traditional Chinese materials, large-scale","Classical, apolitical, modern materials, small-scale"
Style: Georges Braque,"Georges Braque style {prompt} . Cubist, abstract, collage, muted colors","Romantic, realistic, oil painting, vibrant colors"
Style: Sol LeWitt,"Sol LeWitt style {prompt} . Conceptual, geometric, minimal, instructional","Expressionist, organic, complex, spontaneous"
Style: Mary Cassatt (2),"Mary Cassatt style {prompt} . Impressionist, domestic, pastel, feminine","Realist, urban, oil, masculine"
Style: Damien Hirst (2),"Damien Hirst style {prompt} . Contemporary, controversial, installation, medical","Classical, traditional, canvas, floral"
Style: Giuseppe Arcimboldo,"Giuseppe Arcimboldo style {prompt} . Mannerist, portrait, food, symbolic","Cubist, landscape, abstract, literal"
Style: Yves Klein,"Yves Klein style {prompt} . Nouveau réalisme, monochrome, blue, performance","Pop Art, colorful, red, static"
Style: Frida Kahlo (3),"Frida Kahlo style {prompt} . Surrealist, autobiographical, vibrant, symbolic","Realist, historical, muted, literal"
Style: Piet Mondrian (2),"Piet Mondrian style {prompt} . De Stijl, geometric, primary colors, balanced","Surrealist, organic, pastel colors, chaotic"
Style: Bridget Riley (2),"Bridget Riley style {prompt} . Op Art, geometric, black and white, optical","Impressionist, organic, colorful, static"
Style: Mark Rothko,"Mark Rothko style {prompt} . Abstract Expressionist, color field, large-scale, emotional","Pop Art, pattern, small-scale, detached"
Style: Joseph Beuys,"Joseph Beuys style {prompt} . Fluxus, performance, social sculpture, felt","Minimalism, painting, object, metal"
Style: Berthe Morisot,"Berthe Morisot style {prompt} . Impressionist, feminine, domestic, light","Surrealist, masculine, public, dark"
Style: Agnes Martin,"Agnes Martin style {prompt} . Minimalist, geometric, grid, subtle","Baroque, organic, floral, bold"
Style: Yayoi Kusama (2),"Yayoi Kusama style {prompt} . Contemporary, polka dots, infinity rooms, red","Classical, plain, single room, blue"
Style: Andy Goldsworthy (2),"Andy Goldsworthy style {prompt} . Environmental, temporary, nature, outdoors","Industrial, permanent, man-made, indoors"
Style: Henri Cartier-Bresson,"Henri Cartier-Bresson style {prompt} . Photography, decisive moment, black and white, candid","Painting, posed, color, staged"
Style: Marina Abramović,"Marina Abramović style {prompt} . Performance, endurance, audience participation, minimal","Sculpture, instant, observer, complex"
Style: Man Ray,"Man Ray style {prompt} . Dada, photography, rayograph, experimental","Realism, painting, traditional, conventional"
Style: Käthe Kollwitz,"Käthe Kollwitz style {prompt} . Expressionist, social realism, black and white, human suffering","Impressionist, aestheticism, color, human joy"
Style: Robert Rauschenberg,"Robert Rauschenberg style {prompt} . Neo-Dada, combine, mixed-media, assemblage","Minimalism, singular material, oil painting, separated"
Style: Lyonel Feininger,"Lyonel Feininger style {prompt} . Expressionist, Cubist, architecture, transparent","Impressionist, organic, landscape, opaque"
Style: Tracey Emin,"Tracey Emin style {prompt} . YBA, confessional, neon, textile","Old Masters, universal, oil, marble"
Style: René Magritte,"René Magritte style {prompt} . Surrealist, object, juxtaposition, mystery","Realist, figure, relation, clarity"
Style: Henry Moore (2),"Henry Moore style {prompt} . Modernist, sculpture, organic, monumental","Classical, painting, geometric, small"
Style: Rachel Whiteread,"Rachel Whiteread style {prompt} . Contemporary, sculpture, negative space, cast","Traditional, drawing, positive space, sketch"
Style: Tomma Abts,"Tomma Abts style {prompt} . Abstract, geometric, small-scale, acrylic and oil","Figurative, organic, large-scale, watercolor"
Style: Max Ernst,"Max Ernst style {prompt} . Surrealist, collage, frottage, dreamlike","Realist, oil painting, brushwork, day-to-day"
Style: Richard Serra,"Richard Serra style {prompt} . Minimalist, sculpture, corten steel, site-specific","Baroque, painting, canvas, gallery-specific"
Style: Ernst Ludwig Kirchner,"Ernst Ludwig Kirchner style {prompt} . Expressionist, urban, woodcut, vibrant","Impressionist, rural, oil painting, subdued"
Style: Eva Hesse,"Eva Hesse style {prompt} . Postminimalist, sculpture, organic, fiberglass","Minimalist, painting, geometric, canvas"
Style: Paul Cézanne,"Paul Cézanne style {prompt} . Post-Impressionist, still life, geometric, brushwork","Impressionist, action, organic, smooth"
Style: Francis Bacon (2),"Francis Bacon style {prompt} . Expressionist, distorted, triptych, anguish","Classical, proportional, single panel, contentment"
Style: Louise Bourgeois (2),"Louise Bourgeois style {prompt} . Contemporary, sculpture, feminist, fabric","Classical, painting, patriarchal, oil"
Style: Chuck Close,"Chuck Close style {prompt} . Photorealism, portrait, large-scale, gridded","Impressionism, landscape, small-scale, loose"
Style: Thomas Gainsborough,"Thomas Gainsborough style {prompt} . Rococo, landscape, elegant, oil","Baroque, portrait, casual, pastel"
Style: Gerhard Richter (2),"Gerhard Richter style {prompt} . Abstract, squeegee, photo-based, blurred","Realistic, brushwork, imagination-based, detailed"
Style: Jean-Michel Basquiat (2),"Jean-Michel Basquiat style {prompt} . Neo-expressionist, graffiti, crown, vibrant","Photorealism, calligraphy, mundane, subdued"
Style: Alexander Calder,"Alexander Calder style {prompt} . Kinetic, mobile, primary colors, balanced","Static, statue, pastel colors, unbalanced"
Style: Jackson Pollock (2),"Jackson Pollock style {prompt} . Abstract Expressionist, drip, large-scale, spontaneous","Cubist, precise, small-scale, planned"
Style: Anselm Kiefer,"Anselm Kiefer style {prompt} . Neo-expressionist, monumental, textured, historical","Minimalist, small-scale, smooth, futuristic"
Style: Amedeo Modigliani,"Amedeo Modigliani style {prompt} . Modernist, portrait, elongated, nude","Cubist, landscape, proportional, clothed"
Style: Gilbert & George,"Gilbert & George style {prompt} . Contemporary, photographic, duo, confrontational","Traditional, painted, individual, pleasant"
Style: El Greco,"El Greco style {prompt} . Mannerist, religious, elongated, dramatic","Renaissance, secular, proportional, calm"
Style: Salvador Dalí (2),"Salvador Dalí style {prompt} . Surrealist, dreamlike, precise, melting","Realist, day-to-day, loose, solid"
Style: Rembrandt van Rijn,"Rembrandt van Rijn style {prompt} . Baroque, self-portrait, chiaroscuro, etching","Rococo, group portrait, bright, oil painting"
Style: Keith Haring (2),"Keith Haring style {prompt} . Pop art, street art, bold lines, active figures","Impressionism, studio art, fine brushwork, passive landscape"
Style: Georgia O'Keeffe (2),"Georgia O'Keeffe style {prompt} . Modernist, flowers, close-up, sensual","Cubist, objects, far-off, detached"
Style: Caravaggio (2),"Caravaggio style {prompt} . Baroque, tenebrism, dramatic, religious","Renaissance, bright, calm, secular"
Style: Louise Nevelson,"Louise Nevelson style {prompt} . Abstract expressionist, sculpture, monochrome, found objects","Realist, painting, colorful, new materials"
Style: James Turrell,"James Turrell style {prompt} . Land art, light, immersive, perceptual","Street art, dark, observational, intellectual"
Style: Édouard Manet,"Édouard Manet style {prompt} . Realist, modern life, loose brushwork, controversial","Romantic, history, fine brushwork, conventional"
Style: Marc Chagall (2),"Marc Chagall style {prompt} . Surrealist, dreamlike, colorful, narrative","Realist, day-to-day, monochrome, non-narrative"
Style: Dan Flavin,"Dan Flavin style {prompt} . Minimalist, light, fluorescent, site-specific","Baroque, dark, oil, gallery-specific"
Style: Sarah Lucas,"Sarah Lucas style {prompt} . YBA, feminist, readymade, provocative","Old Masters, masculine, handmade, conservative"
Style: Johannes Vermeer,"Johannes Vermeer style {prompt} . Baroque, domestic, light, detailed","Cubist, public, dark, abstract"
Style: Tadao Ando,"Tadao Ando style {prompt} . Minimalist, concrete, light, water","Baroque, brick, dark, dry"
Style: Roy Lichtenstein (2),"Roy Lichtenstein style {prompt} . Pop art, comic strip, benday dots, primary colors","Abstract expressionism, serious subject, brushwork, secondary colors"
Style: Joseph Cornell,"Joseph Cornell style {prompt} . Surrealist, box, found objects, nostalgic","Minimalist, open space, new materials, contemporary"
Style: Gustave Courbet,"Gustave Courbet style {prompt} . Realist, rural life, coarse brushwork, controversial","Neoclassical, noble life, fine brushwork, conventional"
Style: Richard Long,"Richard Long style {prompt} . Land art, circle, natural materials, ephemeral","Street art, square, synthetic materials, permanent"
Style: Otto Dix,"Otto Dix style {prompt} . New Objectivity, war, grotesque, social critique","Impressionism, peace, beautiful, aesthetic enjoyment"
Style: Barnett Newman,"Barnett Newman style {prompt} . Abstract expressionism, zip, large-scale, color field","Pop art, pattern, small-scale, comic strip"
Style: Sophie Calle,"Sophie Calle style {prompt} . Conceptual, photography, text, personal","Abstract, painting, brushwork, universal"
Style: KAWS,"KAWS style {prompt} . Pop art, vinyl toy, X eyes, cartoonish","Conceptual, bronze statue, normal eyes, realistic"
Style: Francis Picabia,"Francis Picabia style {prompt} . Dada, machine, painting, provocative","Impressionism, nature, sketch, pleasant"
Style: H.R. Giger,"H.R. Giger style {prompt} . Surrealist, biomechanical, airbrush, dark","Impressionist, human, brush, light"
Style: Jean Arp,"Jean Arp style {prompt} . Dada, abstract, biomorphic, sculpture","Realism, figurative, geometric, painting"
Style: Ai Weiwei (3),"Ai Weiwei style {prompt} . Contemporary, political, installation, ceramics","Renaissance, neutral, oil painting, metals"
Style: Fernand Léger,"Fernand Léger style {prompt} . Cubist, mechanical, mural, bold colors","Surrealist, organic, small-scale, muted colors"
Style: Yoko Ono (2),"Yoko Ono style {prompt} . Conceptual, performance, instruction, peace","Realist, still life, detailed, war"
Style: Cindy Sherman (2),"Cindy Sherman style {prompt} . Contemporary, self-portrait, photography, identity","Traditional, landscape, painting, anonymity"
Style: Nam June Paik (2),"Nam June Paik style {prompt} . Video art, television, interactive, futuristic","Traditional art, canvas, passive, historical"
Style: Barbara Kruger,"Barbara Kruger style {prompt} . Conceptual, text, black and white, feminist","Impressionist, image, color, patriarchal"
Style: Piero della Francesca,"Piero della Francesca style {prompt} . Renaissance, fresco, mathematical, religious","Contemporary, installation, random, secular"
Style: Richard Hamilton,"Richard Hamilton style {prompt} . Pop Art, collage, consumer culture, mixed media","Impressionism, oil painting, rural life, single medium"
Style: Kazimir Malevich (2),"Kazimir Malevich style {prompt} . Suprematism, abstract, geometric, minimal","Realism, figurative, detailed, maximal"
Style: Grayson Perry,"Grayson Perry style {prompt} . Contemporary, ceramics, tapestry, narrative","Old Masters, oil painting, canvas, non-narrative"
Style: Faith Ringgold,"Faith Ringgold style {prompt} . Contemporary, quilt, narrative, feminist","Abstract, sculpture, non-narrative, masculine"
Style: Banksy (2),"Banksy style {prompt} . Street Art, stencil, satirical, black and white","Studio Art, oil painting, serious, color"
Style: Olafur Eliasson,"Olafur Eliasson style {prompt} . Installation, light, environment, perceptual","Painting, dark, indoors, cognitive"
Style: Kiki Smith,"Kiki Smith style {prompt} . Feminist, body, sculpture, mythological","Patriarchal, landscape, painting, historical"
Style: David Hockney (2),"David Hockney style {prompt} . Pop Art, vibrant colors, collage, landscapes","Abstract Expressionism, muted colors, single panel, figures"
Style: Chris Ofili,"Chris Ofili style {prompt} . YBA, mixed-media, elephant dung, decorative","Minimalism, single-media, clean, austere"
Style: Ellsworth Kelly,"Ellsworth Kelly style {prompt} . Hard-edge painting, color field, minimalist, geometric","Impressionism, detailed, ornate, organic"
Style: Christo and Jeanne-Claude,"Christo and Jeanne-Claude style {prompt} . Installation, environmental, fabric, temporal","Still Life, indoor, metal, permanent"
Style: Wayne Thiebaud,"Wayne Thiebaud style {prompt} . Pop Art, still life, pastel, thick paint","Cubism, dynamic scenes, vibrant, thin paint"
Style: Jenny Holzer (2),"Jenny Holzer style {prompt} . Conceptual, text, LED, public spaces","Realism, image, oil painting, private spaces"
Style: Antony Gormley (2),"Antony Gormley style {prompt} . Sculpture, human form, rusted metal, public art","Painting, abstract, bright colors, gallery art"
Style: Maurice Sendak,"Maurice Sendak style {prompt} . Children's illustration, fantasy, detailed, narrative","Abstract, adult, minimalist, non-narrative"
Portrait Photography Style: Charismatic,"{prompt} with charisma. 50mm lens, f/2.8, focused on eyes, natural lighting","overexposed, underexposed, blurry, distorted, overprocessed"
Portrait Photography Style: Cinematic,"cinematic portrait of {prompt}. 85mm lens, f/1.8, dramatic side lighting, moody atmosphere","overblown highlights, noisy, grainy, oversaturated, wide-angle distortion"
Portrait Photography Style: Environmental,"environmental portrait of {prompt}. 35mm lens, f/4, wider context, natural surroundings","cluttered background, poor lighting, overexposed, underexposed, unsharp"
Photojournalism Style: Reportage,"gripping reportage of {prompt}. Wide-angle lens, f/8, focus on action, capture the moment","blurred action, low light noise, unsteady shot, out of focus, distorted perspective"
Photojournalism Style: Candid,"candid shot of {prompt}. 50mm lens, f/2.8, spontaneous, unposed","poor lighting, motion blur, out of focus, distracting background, overprocessed"
Photojournalism Style: Documentary,"documentary style of {prompt}. 35mm lens, f/5.6, truthful representation, neutral perspective","overexposed, underexposed, oversaturated, motion blur, unsteady shot"
Fashion Photography Style: Haute Couture,"haute couture display of {prompt}. 85mm lens, f/2.2, vibrant colors, dramatic lighting","flat lighting, out of focus, distracting background, overprocessed, oversaturated"
Fashion Photography Style: Editorial,"editorial fashion shot of {prompt}. 50mm lens, f/2.5, storytelling, focused on outfit","unflattering pose, poor lighting, blurry, distracting elements, overexposed"
Fashion Photography Style: Catalog,"catalog shot of {prompt}. 70mm lens, f/5.6, neutral background, clear focus on attire","poor lighting, unflattering angles, distorted perspective, underexposed, oversaturated"
Sports Photography Style: Action-packed,"action-packed shot of {prompt}. 200mm lens, f/2.8, high shutter speed, capture the peak moment","motion blur, underexposed, out of focus, distracting background, unsteady shot"
Sports Photography Style: Emotional,"emotional moment in {prompt}. 135mm lens, f/4, capture expressions, ambient lighting","poor focus, high ISO noise, unsteady shot, underexposed, distorted colors"
Sports Photography Style: Narrative,"narrative image of {prompt}. 50mm lens, f/3.5, storytelling, context setting","unfocused, poor lighting, cluttered composition, overexposed, distorted perspective"
Still Life Photography Style: Minimalistic,"minimalistic composition of {prompt}. 50mm lens, f/5.6, simplistic design, neutral colors","cluttered, oversaturated, unbalanced composition, poor lighting, overexposed"
Still Life Photography Style: Dramatic,"dramatic still life of {prompt}. 85mm lens, f/2.2, dramatic lighting, intense colors","flat lighting, blurry, underexposed, distracting elements, oversaturated"
Still Life Photography Style: Rustic,"rustic presentation of {prompt}. 35mm lens, f/4, natural elements, warm tones","poor focus, overexposed, cluttered, cold colors, unbalanced composition"
Editorial Photography Style: Investigative,"investigative shot of {prompt}. 24mm lens, f/4, informative, intriguing","blurry, underexposed, distorted perspective, high ISO noise, distracting elements"
Editorial Photography Style: Lifestyle,"lifestyle capture of {prompt}. 50mm lens, f/2.8, candid, vibrant colors","poor lighting, overprocessed, distracting background, motion blur, unsteady shot"
Editorial Photography Style: Opinion,"opinion image of {prompt}. 35mm lens, f/5.6, emotive, storytelling","poor focus, underexposed, cluttered composition, overexposed highlights, distorted colors"
Architectural Photography Style: Historical,"historical capture of {prompt}. 24mm lens, f/8, capture architectural details, natural lighting","distorted perspective, underexposed, overprocessed, unsharp, oversaturated"
Architectural Photography Style: Modernist,"modernist view of {prompt}. 18mm lens, f/4, minimalistic, strong lines","barrel distortion, overexposed, blurry, poor composition, flat colors"
Architectural Photography Style: Surreal,"surreal perspective of {prompt}. Fisheye lens, f/2.8, abstract interpretation, vibrant colors","unfocused, poor lighting, underexposed, overprocessed, distracting elements"
Style: Steampunk (2),"steampunk-inspired {prompt} . gears, brass, rivets, old-world technology, intricate, highly detailed, Victorian","ugly, deformed, noisy, blurry, minimalistic, sleek"
Style: Futuristic (2),"futuristic interpretation of {prompt} . sleek, high-tech, metallic, smooth surfaces, neon, sharp edges, crystal clear, professional, ultra detailed","ugly, deformed, noisy, blurry, rustic, vintage, antique"
Style: Abstract Expressionism,"Abstract Expressionist style of {prompt} . bold colors, vigorous brushwork, non-representational, spontaneous, expressive, emotional","boring, monotone, plain, still, unemotional, realistic, photographic"
Style: Surrealism,"surrealistic {prompt} . dreamlike, subconscious, bizarre, highly detailed, intricate, imaginative, illogical juxtaposition","clear, realistic, boring, typical, straightforward, concrete, photographic"
Style: Watercolor (2),"watercolor painting of {prompt} . fluid, soft edges, light colors, translucent, delicate, dreamy","hard, geometric, precise, opaque, harsh, dark, sharp, digital, pixelated"
Style: Pointillism (2),"pointillist technique on {prompt} . tiny dots of color, optical blend, detailed, vibrant, rich","solid, monochromatic, bland, minimalist, soft, blurry"
Style: Cubism,"cubist interpretation of {prompt} . geometric forms, multi-perspective, abstract, fragmented, complex","rounded, realistic, photographic, simple, straightforward, traditional"
Style: Gothic (3),"gothic style {prompt} . dark, mysterious, medieval, ornate, intricate, detailed, haunting","bright, modern, simple, minimalist, cheerful, photorealistic"
Style: Pop Art (3),"pop art style {prompt} . bold colors, mass culture, comic style, ironical, vibrant, detailed","neutral, realistic, serious, dull, monochromatic, photographic"
Style: Impressionism,"impressionist take on {prompt} . loose brushwork, light color, emphasis on light and movement, emotive, painterly","tight, photographic, dark, stationary, unemotional, sharp, digital"
Style: Street Art (2),"street art version of {prompt} . urban, graffiti, spray paint, vibrant, bold, rough, rebellious","elegant, refined, traditional, delicate, soft, photorealistic"
Style: Art Nouveau (3),"art nouveau style {prompt} . elegant, ornate, flowing lines, detailed, decorative","simple, modern, sharp, minimalistic, geometric, unadorned"
Style: Charcoal,"charcoal sketch of {prompt} . dark, grainy, high contrast, loose, dramatic","light, smooth, precise, colorful, clean, photographic"
Style: Collage (2),"collage of {prompt} . mixed media, eclectic, detailed, layered, creative","uniform, minimalistic, simple, clean, digital, monochromatic"
Style: Minimalist (3),"minimalist {prompt} . clean lines, simple shapes, limited color palette, modern, sleek","detailed, ornate, decorative, colorful, chaotic, complex"
Style: Graffiti,"graffiti style {prompt} . street art, bold, colorful, vibrant, dynamic, urban, rebellious, intricate","refined, subtle, soft, elegant, traditional, photorealistic"
Style: Trompe L'oeil (2),"trompe l'oeil of {prompt} . hyperrealistic, 3d illusion, detailed, deceptive, intricate","abstract, flat, simple, symbolic, unrealistic, distorted"
Style: Fauvism,"fauvist interpretation of {prompt} . wild brushwork, vibrant color, expressive, bold, emotive, painterly","neutral, precise, calm, realistic, photographic, subdued"
Style: Hyperrealism (2),"hyperrealistic {prompt} . photorealistic, extreme detail, lifelike, crisp, precise","blurry, abstract, loose, impressionistic, simple, symbolic"
Style: Dada (3),"dadaist version of {prompt} . anti-art, absurd, random, satirical, mixed media, collage","traditional, sensible, serious, realistic, photorealistic"
Style: Calligraphy (2),"calligraphy style {prompt} . elegant, flowing, precise, detailed, intricate, hand-drawn","bold, blocky, geometric, rough, digital, simple"
Style: Baroque (3),"baroque rendition of {prompt} . opulent, grand, ornate, dramatic, detailed, decorative","minimalist, modern, simple, clean, unadorned, geometric"
Style: Op Art (2),"op art style {prompt} . optical illusion, geometric, vibrant, dynamic, detailed, bold","soft, organic, loose, subdued, simple, unpatterned"
Style: Psychedelic (2),"psychedelic version of {prompt} . vibrant color, distorted visuals, swirling patterns, trippy, detailed, intricate","neutral, realistic, orderly, simple, clear, photorealistic"
Style: Scratchboard,"scratchboard technique on {prompt} . contrast, engraved, black and white, detailed, dramatic","colorful, soft, loose, blended, photorealistic"
Style: Botanical Illustration,"botanical illustration of {prompt} . detailed, accurate, precise, delicate, naturalistic","abstract, loose, imprecise, bold, exaggerated, symbolic"
Style: Lithography,"lithograph of {prompt} . printmaking, smooth, detailed, bold, graphic","rough, textured, loose, brushy, three dimensional"
Style: Mosaic (2),"mosaic of {prompt} . tiled, geometric, vibrant, intricate, decorative","soft, organic, loose, simple, smooth, unpatterned"
Style: Woodcut,"woodcut style {prompt} . carved, bold lines, high contrast, rustic, handmade","smooth, soft, delicate, digital, photorealistic"
Style: Stencil Art,"stencil art of {prompt} . sharp edges, bold, graphic, street art style, vibrant","soft, loose, organic, brushy, traditional"
Style: Rotoscoping,"rotoscoped {prompt} . traced, animation style, smooth, realistic, detailed","abstract, symbolic, rough, loose, blocky"
Style: Glass Painting,"glass painting of {prompt} . translucent, vibrant, decorative, intricate, glossy","matte, dull, loose, rough, opaque"
Style: Art Deco (3),"art deco interpretation of {prompt} . geometric, bold, symmetrical, ornate, detailed, decorative","soft, organic, asymmetrical, minimalist, simple"
Style: Hard Edge Painting,"hard edge painting of {prompt} . geometric, sharp edges, flat color, modern, bold","soft, organic, loose, textured, detailed, photorealistic"
Style: Drybrush,"drybrush technique on {prompt} . rough texture, loose brushwork, subtle detail, expressive, painterly","smooth, precise, clean, detailed, photorealistic"
Style: Silhouette (2),"silhouette of {prompt} . high contrast, dramatic, simple, bold, graphic","detailed, textured, colorful, light, photorealistic"
Style: Plein Air,"plein air painting of {prompt} . outdoor, natural light, vibrant, loose, expressive","studio, artificial, precise, tight, clean, photorealistic"
Style: Ink Wash,"ink wash painting of {prompt} . monochromatic, loose, fluid, expressive, delicate","colorful, tight, dry, bold, detailed, photorealistic"
Style: Body Painting,"body painting of {prompt} . human canvas, vibrant, detailed, transformative, expressive","traditional canvas, subtle, clean, realistic, monochromatic"
Style: Spray Paint,"spray paint art of {prompt} . street style, vibrant, spontaneous, bold, rough","refined, soft, delicate, precise, clean, photorealistic"
Style: Grisaille,"grisaille painting of {prompt} . monochromatic, detailed, realistic, refined, tonal","colorful, abstract, loose, impressionistic, simple"
Style: Stippling,"stippled technique on {prompt} . dotted, texture, detailed, graphic, intricate","smooth, solid, loose, brushy, blended"
Style: Pastel,"pastel drawing of {prompt} . soft, colorful, delicate, expressive, textured","sharp, bold, clean, precise, digital"
Style: Encaustic,"encaustic painting of {prompt} . wax, textured, layered, luminous, rich","flat, smooth, simple, clean, dry, photorealistic"
Style: Macrame,"macrame style {prompt} . knotted, textile, intricate, handmade, decorative","smooth, flat, hard, precise, digital"
Style: Graffiti Stencil,"graffiti stencil art of {prompt} . urban, bold, vibrant, street style, graphic","elegant, refined, soft, traditional, photorealistic"
Style: Action Painting,"action painting of {prompt} . spontaneous, energetic, abstract, expressive, bold","precise, slow, realistic, photographic, unemotional"
Style: Batik (2),"batik style {prompt} . dyed, vibrant, patterned, textile, decorative","plain, unpatterned, hard, smooth, clean, digital"
Style: Folk Art,"folk art depiction of {prompt} . traditional, handmade, decorative, vibrant, detailed","modern, digital, simple, clean, minimalistic"
Style: Glitch Art,"glitch art of {prompt} . distorted, digital, vibrant, abstract, modern","refined, traditional, realistic, photographic, unaltered"
Style: Chiaroscuro (2),"chiaroscuro technique on {prompt} . high contrast, dramatic, realistic, refined, tonal","flat, dull, abstract, impressionistic, simple"
Style: Gouache,"gouache painting of {prompt} . vibrant, opaque, smooth, rich, detailed","transparent, loose, rough, dull, photorealistic"
Style: High-Fashion,"{prompt} in haute couture. Luxury, designer brands, runway-ready, tailored, chic","casual, sporty, laid-back, street style, loose"
Style: Casual-Chic,"{prompt} in a casual chic outfit. Comfortable, stylish, modern, accessible","formal, high fashion, flamboyant, extravagant"
Style: Streetwear,"{prompt} rocking the streetwear trend. Urban, hip-hop influence, sneakers, caps, oversized","preppy, conservative, formal, traditional"
Style: Athletic,"{prompt} in athletic wear. Sporty, gym-ready, functional, sneakers, activewear","evening wear, formal, business, relaxed"
Style: Vintage,"{prompt} in a vintage ensemble. Retro, nostalgia, classic styles, second-hand","modern, futuristic, minimalist, new"
Style: Bohemian,"{prompt} in boho fashion. Free-spirited, layered, patterns, ethnic-inspired, fringe","minimalist, structured, monochromatic, sleek"
Style: Minimalist (4),"{prompt} sporting minimalist fashion. Simple, clean lines, neutral colors, unfussy","vintage, boho, flamboyant, colorful"
Style: Preppy,"{prompt} dressed in preppy style. Collegiate, clean-cut, conservative, layered","gothic, punk, casual, relaxed"
Style: Gothic (4),"{prompt} in a gothic getup. Dark, leather, lace, Victorian influence","preppy, pastel, boho, bright"
Style: Punk,"{prompt} with a punk look. Rebellious, grungy, band tees, ripped denim","preppy, classic, conservative, formal"
Style: Grunge,"{prompt} sporting a grunge look. '90s influence, flannel, band tees, distressed","preppy, glamorous, feminine, tailored"
Style: Glamorous,"{prompt} looking glamorous. Luxury, sequins, fur, red carpet ready","casual, relaxed, sporty, minimalist"
Style: Rocker,"{prompt} rocking the rock style. Leather, band tees, edgy, black","preppy, pastel, boho, cute"
Style: Hipster,"{prompt} in a hipster outfit. Eclectic, indie, non-mainstream, vintage","mainstream, sporty, glamorous, preppy"
Style: Ethical,"{prompt} wearing ethical fashion. Sustainable, fair trade, organic materials, eco-friendly","fast fashion, synthetic, mass-produced, cheap"
Style: Business Casual,"{prompt} dressed in business casual. Semi-formal, tailored, smart, professional","sporty, casual, grunge, punk"
Style: Beachwear,"{prompt} in beachwear. Bikinis, cover-ups, sandals, straw hats, light fabrics","winter wear, formal, business, structured"
Style: Activewear,"{prompt} in stylish activewear. Sporty, comfortable, functional, athleisure","evening wear, formal, preppy, boho"
Style: Country,"{prompt} sporting country style. Western, cowboy boots, plaid, denim","gothic, punk, high fashion, glamorous"
Style: Military,"{prompt} wearing military-inspired fashion. Camouflage, khaki, structured, badges","boho, glamorous, preppy, beachwear"
Style: Kawaii,"{prompt} in Kawaii style. Cute, pastel, girly, anime-inspired, frilly","gothic, punk, grunge, minimalist"
Style: Lolita,"{prompt} in a Lolita ensemble. Victorian-inspired, frilly, bows, lace, layered","minimalist, sporty, casual, business"
Style: Formal,"{prompt} dressed in formal wear. Black tie, tuxedo, evening gown, polished","casual, sporty, grunge, beachwear"
Style: Tomboy,"{prompt} rocking a tomboy look. Androgynous, loose, sneakers, caps","glamorous, feminine, boho, preppy"
Style: Normcore,"{prompt} dressed in normcore. Unpretentious, casual, basics, comfortable","high fashion, glamorous, punk, gothic"
Style: Artistic,"{prompt} in an artistic outfit. Creative, unique, expressive, handmade","preppy, conservative, business, traditional"
Style: Genderless,"{prompt} in genderless fashion. Androgynous, neutral, modern, unisex","feminine, masculine, glam, preppy"
Style: Monochromatic,"{prompt} in a monochromatic look. Single color, sleek, modern, minimalist","colorful, vibrant, patterned, boho"
Style: Mod,"{prompt} dressed in Mod style. '60s influence, A-line, geometric patterns, bold","boho, grunge, minimalist, normcore"
Style: Harajuku,"{prompt} in Harajuku style. Japanese street fashion, eclectic, colorful, anime","conservative, preppy, minimalist, business"
Style: Cyberpunk,"{prompt} in a cyberpunk outfit. Futuristic, dystopian, metallic, neon","vintage, retro, classic, boho"
Style: Rave,"{prompt} in rave wear. Bright colors, neon, sequins, fur","business casual, preppy, conservative, minimalist"
Style: Hippy,"{prompt} in hippy style. '70s influence, tie-dye, bell-bottoms, fringe","preppy, conservative, formal, modern"
Style: Skater,"{prompt} rocking skater style. Casual, sneakers, baggy, sporty, laid-back","formal, glamorous, high fashion, preppy"
Style: Pin-Up,"{prompt} in a pin-up style. Retro, '50s influence, feminine, curves","gothic, grunge, sporty, tomboy"
Style: Nautical,"{prompt} in a nautical outfit. Sailor-inspired, stripes, navy, white, red","gothic, punk, grunge, boho"
Style: Futuristic (3),"{prompt} in futuristic fashion. Metallic, geometric, avant-garde, high-tech","vintage, classic, traditional, retro"
Style: Eccentric,"{prompt} in an eccentric ensemble. Unique, quirky, stand-out, individualistic","traditional, classic, conservative, minimalist"
Style: Tailored,"{prompt} in a tailored suit. Formal, professional, sleek, well-fitted","casual, relaxed, oversized, loose"
Style: Sustainable,"{prompt} in sustainable fashion. Eco-friendly, organic, recycled materials, fair trade","fast fashion, synthetic, cheap, disposable"
Style: Traditional,"{prompt} in a traditional outfit. Ethnic, regional, cultural, heritage","modern, futuristic, western, mainstream"
Style: Candid,"{prompt} captured in a candid moment. Unposed, natural, spontaneous, real-life situation","posed, artificial, studio shot, planned"
Style: Portrait,"portrait shot of {prompt}. Close-up, eyes on camera, clear, sharp","wide shot, landscape, blurred, candid"
Style: Lifestyle,"lifestyle photo of {prompt}. Everyday activities, real-life situations, relatable","fantasy, staged, surreal, unrealistic"
Style: Editorial,"editorial shot of {prompt}. Fashion-forward, styled, professional, magazine-ready","casual, candid, unstyled, amateur"
Style: Glamour,"glamour shot of {prompt}. Beauty focused, make-up, lighting, seductive","natural, minimal, candid, unglamorous"
Style: Fitness,"fitness photo of {prompt}. Athletic, workout gear, active, strong","laid back, casual, non-athletic, inactive"
Style: Boudoir,"boudoir shot of {prompt}. Intimate, sensual, classy, tasteful","public, conservative, modest, non-intimate"
Style: Silhouette (3),"silhouette photo of {prompt}. Dramatic, backlighting, mysterious, creative","frontlit, clear, detailed, revealing"
Style: Maternity,"maternity shot of {prompt}. Pregnancy, baby bump, motherhood, glowing","non-pregnant, childless, pre-pregnancy, post-pregnancy"
Style: Black and White,"black and white photo of {prompt}. Monochrome, timeless, artistic, dramatic","color, vibrant, modern, digital"
Style: Pin-Up (2),"pin-up style photo of {prompt}. Retro, feminine, seductive, fun","modern, conservative, modest, non-vintage"
Style: Headshot,"headshot of {prompt}. Professional, clear, neutral background, focused","full body, casual, distracting background, unfocused"
Style: Full Body,"full body shot of {prompt}. Whole outfit, clear, sharp, balanced","close up, cropped, blurry, unbalanced"
Style: High Fashion,"high fashion photo of {prompt}. Designer clothes, dramatic poses, avant-garde","casual, candid, natural, mainstream fashion"
Style: Business,"business photo of {prompt}. Professional attire, workplace setting, confident","casual, relaxed, non-work, insecure"
Style: Beach,"beach photo of {prompt}. Swimwear, sand, ocean, relaxed","urban, winter, formal, stressed"
Style: Lingerie,"lingerie shot of {prompt}. Intimate apparel, sensual, feminine, seductive","outerwear, modest, masculine, non-sensual"
Style: Athletic (2),"athletic shot of {prompt}. Sportswear, action, energy, strength","leisure, inactive, weak, non-sporty"
Style: Close-up,"close-up photo of {prompt}. Detailed, intimate, clear, personal","wide shot, distant, blurry, impersonal"
Style: Nature,"nature shot with {prompt}. Outdoors, greenery, natural light, fresh","indoor, city, artificial light, stale"
Style: Studio,"studio shot of {prompt}. Controlled lighting, plain background, clear","outdoor, natural light, busy background, unclear"
Style: Street,"street shot of {prompt}. Urban, casual, candid, trendy","rural, formal, posed, traditional"
Style: Dance,"dance photo of {prompt}. Movement, grace, energy, rhythm","static, clumsy, lethargic, off-beat"
Style: Vintage (2),"vintage style photo of {prompt}. Retro, nostalgic, old-fashioned, timeless","modern, futuristic, trendy, transient"
Style: Low Light,"low light photo of {prompt}. Ambient, moody, dramatic, shadowy","bright, cheerful, flat, clear"
Style: Underwater,"underwater photo of {prompt}. Aquatic, serene, dreamlike, floaty","land, hectic, realistic, heavy"
Style: Action,"action shot of {prompt}. Movement, energy, dynamic, intense","still, calm, static, gentle"
Style: Fashion,"fashion shot of {prompt}. Trendy outfit, styled, runway-ready, chic","plain, unstyled, out of style, ordinary"
Style: Aerial,"aerial shot of {prompt}. Birds-eye view, grand, adventurous, stunning","ground level, confined, cautious, underwhelming"
Style: Music,"music-related shot of {prompt}. Playing an instrument, singing, energetic, passionate","quiet, uninterested, uninvolved, lackluster"
Style: Abstract (2),"abstract photo of {prompt}. Artistic, unique, creative, unconventional","concrete, literal, conventional, uncreative"
Style: Fine Art,"fine art photo of {prompt}. Conceptual, creative, artistic, aesthetic","commercial, literal, uncreative, unaesthetic"
Style: Cityscape,"cityscape shot with {prompt}. Urban, skyline, architectural, dynamic","rural, landscape, natural, static"
Style: Landscape,"landscape shot with {prompt}. Scenic, outdoors, grand, beautiful","indoor, close-up, confined, unattractive"
Style: Macro,"macro shot of {prompt}. Extremely close-up, detailed, intricate, revealing","wide shot, undetailed, simple, concealing"
Style: Golden Hour,"golden hour shot of {prompt}. Warm light, sunset/sunrise, magical, serene","midday, harsh light, mundane, agitated"
Style: Blue Hour,"blue hour shot of {prompt}. Cool light, twilight, peaceful, moody","midday, harsh light, chaotic, flat"
Style: Night,"night shot of {prompt}. Dark, lit, moody, mysterious","daytime, bright, cheerful, clear"
Style: Reflection,"reflection shot of {prompt}. Mirror image, symmetry, creative, thoughtful","direct, asymmetrical, uncreative, thoughtless"
Style: Backlit,"backlit photo of {prompt}. Silhouette, dramatic, artistic, shadowy","frontlit, flat, unartistic, clear"
Style: Overhead,"overhead shot of {prompt}. Top-down view, unique perspective, revealing","low angle, ordinary perspective, concealing"
